# [TIME],[VOLT],[VOLT filtered 1kHz] 
# 
-2.999999999999999889e-02,2.668000000000000149e+00,2.675208857395684259e+00
-2.994999999999999746e-02,3.036000000000000032e+00,2.723481051632803851e+00
-2.989999999999999949e-02,2.668000000000000149e+00,2.767652166585111928e+00
-2.984999999999999806e-02,3.036000000000000032e+00,2.805588240033328074e+00
-2.980000000000000010e-02,3.036000000000000032e+00,2.836266844185078906e+00
-2.974999999999999867e-02,2.668000000000000149e+00,2.859863371224748985e+00
-2.969999999999999724e-02,3.128000000000000114e+00,2.877499312046075897e+00
-2.964999999999999927e-02,2.668000000000000149e+00,2.890709887934082900e+00
-2.959999999999999784e-02,2.668000000000000149e+00,2.900911719689021062e+00
-2.954999999999999988e-02,3.128000000000000114e+00,2.908742048249556067e+00
-2.949999999999999845e-02,2.759999999999999787e+00,2.914010733019126942e+00
-2.945000000000000048e-02,3.128000000000000114e+00,2.916374573630573508e+00
-2.939999999999999905e-02,3.128000000000000114e+00,2.915980319611906957e+00
-2.934999999999999762e-02,2.668000000000000149e+00,2.913903011757755568e+00
-2.929999999999999966e-02,2.668000000000000149e+00,2.911681675202209885e+00
-2.924999999999999822e-02,3.128000000000000114e+00,2.910117457318570633e+00
-2.920000000000000026e-02,2.668000000000000149e+00,2.909002657926265556e+00
-2.914999999999999883e-02,3.128000000000000114e+00,2.907716095548646962e+00
-2.909999999999999740e-02,2.668000000000000149e+00,2.905526740938892960e+00
-2.904999999999999943e-02,3.128000000000000114e+00,2.901610340757867057e+00
-2.899999999999999800e-02,3.128000000000000114e+00,2.895364885270207633e+00
-2.895000000000000004e-02,2.668000000000000149e+00,2.887031626771040749e+00
-2.889999999999999861e-02,3.036000000000000032e+00,2.877698851227495247e+00
-2.885000000000000064e-02,2.668000000000000149e+00,2.868628098441376562e+00
-2.879999999999999921e-02,3.036000000000000032e+00,2.860878858814091430e+00
-2.874999999999999778e-02,2.668000000000000149e+00,2.855336657274320178e+00
-2.869999999999999982e-02,2.668000000000000149e+00,2.852555140500348418e+00
-2.864999999999999838e-02,3.036000000000000032e+00,2.852346193343096026e+00
-2.860000000000000042e-02,2.668000000000000149e+00,2.853808873689086312e+00
-2.854999999999999899e-02,3.036000000000000032e+00,2.855798913057038924e+00
-2.849999999999999756e-02,2.668000000000000149e+00,2.857151188334364100e+00
-2.844999999999999959e-02,3.036000000000000032e+00,2.856665559327276949e+00
-2.839999999999999816e-02,3.036000000000000032e+00,2.853330732523795543e+00
-2.835000000000000020e-02,2.668000000000000149e+00,2.846797100937224823e+00
-2.829999999999999877e-02,3.036000000000000032e+00,2.837412059023946220e+00
-2.824999999999999734e-02,2.668000000000000149e+00,2.825821132847910810e+00
-2.819999999999999937e-02,3.036000000000000032e+00,2.812827734689014925e+00
-2.814999999999999794e-02,2.576000000000000068e+00,2.799447894052395469e+00
-2.809999999999999998e-02,2.851999999999999869e+00,2.786746598379770568e+00
-2.804999999999999855e-02,2.576000000000000068e+00,2.775446343272926164e+00
-2.799999999999999711e-02,3.036000000000000032e+00,2.765762010796764869e+00
-2.794999999999999915e-02,2.576000000000000068e+00,2.757744927489917952e+00
-2.789999999999999772e-02,2.576000000000000068e+00,2.751437910862588598e+00
-2.784999999999999976e-02,2.943999999999999950e+00,2.746435000685798489e+00
-2.779999999999999832e-02,2.943999999999999950e+00,2.742004822633816286e+00
-2.774999999999999689e-02,2.483999999999999986e+00,2.737954623011183308e+00
-2.769999999999999893e-02,2.576000000000000068e+00,2.734502241758510088e+00
-2.764999999999999750e-02,2.943999999999999950e+00,2.731274323737811649e+00
-2.759999999999999953e-02,2.668000000000000149e+00,2.727285077830235327e+00
-2.754999999999999810e-02,2.943999999999999950e+00,2.721783731185061228e+00
-2.750000000000000014e-02,2.851999999999999869e+00,2.714877029090044580e+00
-2.744999999999999871e-02,2.391999999999999904e+00,2.707641912233059500e+00
-2.739999999999999727e-02,2.483999999999999986e+00,2.701263865018062482e+00
-2.734999999999999931e-02,2.943999999999999950e+00,2.695830873381972914e+00
-2.729999999999999788e-02,2.391999999999999904e+00,2.690339301717869613e+00
-2.724999999999999992e-02,2.943999999999999950e+00,2.683390050490118917e+00
-2.719999999999999848e-02,2.851999999999999869e+00,2.673713718432856545e+00
-2.715000000000000052e-02,2.483999999999999986e+00,2.660767637979560174e+00
-2.709999999999999909e-02,2.851999999999999869e+00,2.644835971561405596e+00
-2.704999999999999766e-02,2.391999999999999904e+00,2.626522109319024523e+00
-2.699999999999999969e-02,2.851999999999999869e+00,2.606443077067354341e+00
-2.694999999999999826e-02,2.391999999999999904e+00,2.585237136839686922e+00
-2.690000000000000030e-02,2.391999999999999904e+00,2.563415467739490694e+00
-2.684999999999999887e-02,2.759999999999999787e+00,2.540936534602653118e+00
-2.679999999999999744e-02,2.668000000000000149e+00,2.517425872929353492e+00
-2.674999999999999947e-02,2.299999999999999822e+00,2.493040602254572136e+00
-2.669999999999999804e-02,2.668000000000000149e+00,2.468589490417595567e+00
-2.665000000000000008e-02,2.208000000000000185e+00,2.445022100022272493e+00
-2.659999999999999865e-02,2.576000000000000068e+00,2.423149321720913463e+00
-2.654999999999999721e-02,2.208000000000000185e+00,2.403529287417712101e+00
-2.649999999999999925e-02,2.208000000000000185e+00,2.386221787124950477e+00
-2.644999999999999782e-02,2.576000000000000068e+00,2.370464667118733715e+00
-2.639999999999999986e-02,2.576000000000000068e+00,2.355083250201389422e+00
-2.634999999999999842e-02,2.116000000000000103e+00,2.339522670894794487e+00
-2.629999999999999699e-02,2.208000000000000185e+00,2.323831864824206672e+00
-2.624999999999999903e-02,2.483999999999999986e+00,2.307720592396509840e+00
-2.619999999999999760e-02,2.116000000000000103e+00,2.290371635473988032e+00
-2.614999999999999963e-02,2.483999999999999986e+00,2.270896316049525243e+00
-2.609999999999999820e-02,2.391999999999999904e+00,2.248744970219652028e+00
-2.604999999999999677e-02,2.024000000000000021e+00,2.224079254437175468e+00
-2.599999999999999881e-02,2.024000000000000021e+00,2.197415643785293415e+00
-2.595000000000000084e-02,2.299999999999999822e+00,2.168656005585779756e+00
-2.589999999999999941e-02,2.391999999999999904e+00,2.137124957431488337e+00
-2.584999999999999798e-02,1.931999999999999940e+00,2.102614809128962037e+00
-2.579999999999999655e-02,2.299999999999999822e+00,2.065819598502787180e+00
-2.574999999999999858e-02,1.747999999999999998e+00,2.027926694533943142e+00
-2.570000000000000062e-02,1.747999999999999998e+00,1.989881762432827328e+00
-2.564999999999999919e-02,2.208000000000000185e+00,1.951608131900309129e+00
-2.559999999999999776e-02,2.116000000000000103e+00,1.912332143838967546e+00
-2.554999999999999979e-02,1.655999999999999917e+00,1.871840035624568133e+00
-2.549999999999999836e-02,2.024000000000000021e+00,1.830758506623310744e+00
-2.545000000000000040e-02,1.564000000000000057e+00,1.789917561497969434e+00
-2.539999999999999897e-02,1.931999999999999940e+00,1.750007552415552725e+00
-2.534999999999999754e-02,1.471999999999999975e+00,1.711523793879260014e+00
-2.529999999999999957e-02,1.839999999999999858e+00,1.674702791474779850e+00
-2.524999999999999814e-02,1.471999999999999975e+00,1.639503279542607661e+00
-2.520000000000000018e-02,1.379999999999999893e+00,1.605456208888570657e+00
-2.514999999999999875e-02,1.839999999999999858e+00,1.571326996325764336e+00
-2.509999999999999731e-02,1.747999999999999998e+00,1.535522185707040688e+00
-2.504999999999999935e-02,1.288000000000000034e+00,1.497193039044053542e+00
-2.499999999999999792e-02,1.655999999999999917e+00,1.456426510516198425e+00
-2.494999999999999996e-02,1.288000000000000034e+00,1.413646899134103574e+00
-2.489999999999999852e-02,1.564000000000000057e+00,1.369445336987380690e+00
-2.484999999999999709e-02,1.104000000000000092e+00,1.324660127024061218e+00
-2.479999999999999913e-02,1.471999999999999975e+00,1.280238712688891889e+00
-2.474999999999999770e-02,1.012000000000000011e+00,1.237047113126133802e+00
-2.469999999999999973e-02,1.379999999999999893e+00,1.195791823757541783e+00
-2.464999999999999830e-02,9.199999999999999289e-01,1.156988002861869091e+00
-2.459999999999999687e-02,1.288000000000000034e+00,1.120909137084605156e+00
-2.454999999999999891e-02,8.279999999999999583e-01,1.087513255446077798e+00
-2.449999999999999747e-02,1.288000000000000034e+00,1.056401169341421920e+00
-2.444999999999999951e-02,9.199999999999999289e-01,1.026980945459439409e+00
-2.439999999999999808e-02,8.279999999999999583e-01,9.986103682150924143e-01
-2.434999999999999665e-02,1.195999999999999952e+00,9.703754821466324954e-01
-2.429999999999999868e-02,1.104000000000000092e+00,9.412649467984893770e-01
-2.425000000000000072e-02,7.359999999999999876e-01,9.109220978723536755e-01
-2.419999999999999929e-02,1.104000000000000092e+00,8.797660858030244002e-01
-2.414999999999999786e-02,6.440000000000000169e-01,8.485429293202910728e-01
-2.409999999999999989e-02,7.359999999999999876e-01,8.179409649397947346e-01
-2.404999999999999846e-02,1.012000000000000011e+00,7.882651204554436131e-01
-2.400000000000000050e-02,8.279999999999999583e-01,7.597433066431729110e-01
-2.394999999999999907e-02,4.599999999999999645e-01,7.331131683985976366e-01
-2.389999999999999764e-02,4.599999999999999645e-01,7.090374957888690988e-01
-2.384999999999999967e-02,9.199999999999999289e-01,6.869802536151898842e-01
-2.379999999999999824e-02,9.199999999999999289e-01,6.655672510178258783e-01
-2.375000000000000028e-02,3.679999999999999938e-01,6.439721649448461038e-01
-2.369999999999999885e-02,9.199999999999999289e-01,6.222518776796147622e-01
-2.364999999999999741e-02,3.679999999999999938e-01,6.008113304997219073e-01
-2.359999999999999945e-02,3.679999999999999938e-01,5.799257441787643019e-01
-2.354999999999999802e-02,8.279999999999999583e-01,5.592028191375181256e-01
-2.350000000000000006e-02,7.359999999999999876e-01,5.378527241534810654e-01
-2.344999999999999862e-02,2.760000000000000231e-01,5.157684627085659113e-01
-2.339999999999999719e-02,6.440000000000000169e-01,4.936255258162052240e-01
-2.334999999999999923e-02,2.760000000000000231e-01,4.721171229248605772e-01
-2.329999999999999780e-02,6.440000000000000169e-01,4.516527794261888662e-01
-2.324999999999999983e-02,1.839999999999999969e-01,4.324569837255966553e-01
-2.319999999999999840e-02,6.440000000000000169e-01,4.146004014649180003e-01
-2.314999999999999697e-02,1.839999999999999969e-01,3.980190991539149792e-01
-2.309999999999999901e-02,5.520000000000000462e-01,3.825788276029566393e-01
-2.304999999999999757e-02,1.839999999999999969e-01,3.680689687200982552e-01
-2.299999999999999961e-02,5.520000000000000462e-01,3.541853851487917204e-01
-2.294999999999999818e-02,1.839999999999999969e-01,3.406200946673299534e-01
-2.289999999999999675e-02,5.520000000000000462e-01,3.272025203359827383e-01
-2.284999999999999878e-02,9.199999999999999845e-02,3.139789884134532860e-01
-2.279999999999999735e-02,4.599999999999999645e-01,3.011160741369174887e-01
-2.274999999999999939e-02,9.199999999999999845e-02,2.886856736662043454e-01
-2.269999999999999796e-02,4.599999999999999645e-01,2.765626400676405861e-01
-2.264999999999999653e-02,9.199999999999999845e-02,2.644926330731705022e-01
-2.259999999999999856e-02,4.599999999999999645e-01,2.522153841826870191e-01
-2.255000000000000060e-02,9.199999999999999845e-02,2.395874580230903939e-01
-2.249999999999999917e-02,4.599999999999999645e-01,2.267065112309997188e-01
-2.244999999999999774e-02,0.000000000000000000e+00,2.139800088155668911e-01
-2.239999999999999977e-02,3.679999999999999938e-01,2.020213532951860291e-01
-2.234999999999999834e-02,0.000000000000000000e+00,1.914277073338040980e-01
-2.230000000000000038e-02,0.000000000000000000e+00,1.824344554493459447e-01
-2.224999999999999895e-02,3.679999999999999938e-01,1.744998925910195009e-01
-2.219999999999999751e-02,3.679999999999999938e-01,1.666298749139895896e-01
-2.214999999999999608e-02,0.000000000000000000e+00,1.583883920121955113e-01
-2.209999999999999812e-02,0.000000000000000000e+00,1.499789509499744045e-01
-2.205000000000000016e-02,3.679999999999999938e-01,1.414007499007694235e-01
-2.199999999999999872e-02,-9.199999999999999845e-02,1.322440095787492942e-01
-2.194999999999999729e-02,3.679999999999999938e-01,1.220676420813805729e-01
-2.189999999999999933e-02,3.679999999999999938e-01,1.108407568475336807e-01
-2.184999999999999790e-02,-1.839999999999999969e-01,9.950807897242956723e-02
-2.179999999999999993e-02,-1.839999999999999969e-01,8.957744082684074294e-02
-2.174999999999999850e-02,3.679999999999999938e-01,8.177977443957004655e-02
-2.169999999999999707e-02,-1.839999999999999969e-01,7.581821002871204362e-02
-2.164999999999999911e-02,2.760000000000000231e-01,7.108447181850610641e-02
-2.159999999999999767e-02,-1.839999999999999969e-01,6.689549985506401675e-02
-2.154999999999999971e-02,2.760000000000000231e-01,6.237094432438115843e-02
-2.149999999999999828e-02,2.760000000000000231e-01,5.671117804018126901e-02
-2.144999999999999685e-02,-9.199999999999999845e-02,4.988328671557535482e-02
-2.139999999999999888e-02,-1.839999999999999969e-01,4.256246843438363930e-02
-2.135000000000000092e-02,2.760000000000000231e-01,3.515589384073727897e-02
-2.129999999999999949e-02,-1.839999999999999969e-01,2.746931462911222227e-02
-2.124999999999999806e-02,1.839999999999999969e-01,1.912971694155235491e-02
-2.119999999999999662e-02,2.760000000000000231e-01,1.001169164796980419e-02
-2.114999999999999866e-02,-2.760000000000000231e-01,7.269879198418076598e-04
-2.110000000000000070e-02,-2.760000000000000231e-01,-7.691823525867355280e-03
-2.104999999999999927e-02,1.839999999999999969e-01,-1.503385790886044293e-02
-2.099999999999999784e-02,-1.839999999999999969e-01,-2.223127202720972043e-02
-2.094999999999999640e-02,1.839999999999999969e-01,-3.058639875335417840e-02
-2.089999999999999844e-02,1.839999999999999969e-01,-4.099847433163441440e-02
-2.085000000000000048e-02,-2.760000000000000231e-01,-5.341217714308248848e-02
-2.079999999999999905e-02,1.839999999999999969e-01,-6.688671121493407201e-02
-2.074999999999999761e-02,-2.760000000000000231e-01,-8.011206906564358188e-02
-2.069999999999999618e-02,-3.679999999999999938e-01,-9.191647771476570139e-02
-2.064999999999999822e-02,1.839999999999999969e-01,-1.018913728332392216e-01
-2.060000000000000026e-02,-3.679999999999999938e-01,-1.104482494090768541e-01
-2.054999999999999882e-02,9.199999999999999845e-02,-1.182533558298626275e-01
-2.049999999999999739e-02,-2.760000000000000231e-01,-1.259646656148032395e-01
-2.044999999999999596e-02,9.199999999999999845e-02,-1.341500298103831812e-01
-2.039999999999999800e-02,0.000000000000000000e+00,-1.429174357771317849e-01
-2.035000000000000003e-02,-3.679999999999999938e-01,-1.515428095443225320e-01
-2.029999999999999860e-02,-3.679999999999999938e-01,-1.589640202239823441e-01
-2.024999999999999717e-02,0.000000000000000000e+00,-1.648565960815756570e-01
-2.019999999999999921e-02,-3.679999999999999938e-01,-1.698499734635141312e-01
-2.014999999999999777e-02,0.000000000000000000e+00,-1.750021718652937375e-01
-2.009999999999999981e-02,0.000000000000000000e+00,-1.812813607314836262e-01
-2.004999999999999838e-02,-3.679999999999999938e-01,-1.890462802011911858e-01
-1.999999999999999695e-02,0.000000000000000000e+00,-1.979812532151664639e-01
-1.994999999999999898e-02,-4.599999999999999645e-01,-2.075403643681612287e-01
-1.989999999999999755e-02,0.000000000000000000e+00,-2.172653073709035765e-01
-1.984999999999999959e-02,-4.599999999999999645e-01,-2.268650788093101445e-01
-1.979999999999999816e-02,0.000000000000000000e+00,-2.361774451956886178e-01
-1.974999999999999672e-02,-4.599999999999999645e-01,-2.450731635049354928e-01
-1.969999999999999876e-02,-3.679999999999999938e-01,-2.535943603535613100e-01
-1.965000000000000080e-02,-9.199999999999999845e-02,-2.623276740966273279e-01
-1.959999999999999937e-02,-9.199999999999999845e-02,-2.721419861091753933e-01
-1.954999999999999793e-02,-4.599999999999999645e-01,-2.833440160062686841e-01
-1.949999999999999650e-02,-9.199999999999999845e-02,-2.955201658712513502e-01
-1.944999999999999854e-02,-5.520000000000000462e-01,-3.080044647277215275e-01
-1.940000000000000058e-02,-1.839999999999999969e-01,-3.202222645245376698e-01
-1.934999999999999915e-02,-5.520000000000000462e-01,-3.319146596426095774e-01
-1.929999999999999771e-02,-9.199999999999999845e-02,-3.431904249443137878e-01
-1.924999999999999628e-02,-5.520000000000000462e-01,-3.542920999062677545e-01
-1.919999999999999832e-02,-1.839999999999999969e-01,-3.653655920129637580e-01
-1.915000000000000036e-02,-5.520000000000000462e-01,-3.764634507371000804e-01
-1.909999999999999892e-02,-1.839999999999999969e-01,-3.876067529690807589e-01
-1.904999999999999749e-02,-5.520000000000000462e-01,-3.987311852708434468e-01
-1.899999999999999606e-02,-1.839999999999999969e-01,-4.095752403076443615e-01
-1.894999999999999810e-02,-6.440000000000000169e-01,-4.196274534330514672e-01
-1.890000000000000013e-02,-6.440000000000000169e-01,-4.284827252546506982e-01
-1.884999999999999870e-02,-1.839999999999999969e-01,-4.364953676407368754e-01
-1.879999999999999727e-02,-2.760000000000000231e-01,-4.445146423107286804e-01
-1.874999999999999584e-02,-6.440000000000000169e-01,-4.528162736990682391e-01
-1.869999999999999787e-02,-6.440000000000000169e-01,-4.611360858132410034e-01
-1.864999999999999991e-02,-2.760000000000000231e-01,-4.696871030999674179e-01
-1.859999999999999848e-02,-2.760000000000000231e-01,-4.791326204936248723e-01
-1.854999999999999705e-02,-7.359999999999999876e-01,-4.896289509564613618e-01
-1.849999999999999908e-02,-7.359999999999999876e-01,-5.009610281799975473e-01
-1.844999999999999765e-02,-2.760000000000000231e-01,-5.136528930095863865e-01
-1.839999999999999969e-02,-2.760000000000000231e-01,-5.288510302717837064e-01
-1.834999999999999826e-02,-7.359999999999999876e-01,-5.470337280703314597e-01
-1.829999999999999682e-02,-3.679999999999999938e-01,-5.676243107153452483e-01
-1.824999999999999886e-02,-8.279999999999999583e-01,-5.896210948281496167e-01
-1.820000000000000090e-02,-3.679999999999999938e-01,-6.120316803836033381e-01
-1.814999999999999947e-02,-8.279999999999999583e-01,-6.338880382676909120e-01
-1.809999999999999803e-02,-9.199999999999999289e-01,-6.544308859336536166e-01
-1.804999999999999660e-02,-4.599999999999999645e-01,-6.737035967953106663e-01
-1.799999999999999864e-02,-8.279999999999999583e-01,-6.926345647558608265e-01
-1.795000000000000068e-02,-4.599999999999999645e-01,-7.123178822113445108e-01
-1.789999999999999925e-02,-5.520000000000000462e-01,-7.332387649497211779e-01
-1.784999999999999781e-02,-1.012000000000000011e+00,-7.548416190421340932e-01
-1.779999999999999638e-02,-6.440000000000000169e-01,-7.759009058018008220e-01
-1.774999999999999842e-02,-1.012000000000000011e+00,-7.953513804778944429e-01
-1.770000000000000046e-02,-1.012000000000000011e+00,-8.128337031824558467e-01
-1.764999999999999902e-02,-6.440000000000000169e-01,-8.290212539716541595e-01
-1.759999999999999759e-02,-6.440000000000000169e-01,-8.452094001027750103e-01
-1.754999999999999616e-02,-1.104000000000000092e+00,-8.622782225123513111e-01
-1.749999999999999820e-02,-6.440000000000000169e-01,-8.804673400132639882e-01
-1.745000000000000023e-02,-1.104000000000000092e+00,-8.998393921385091643e-01
-1.739999999999999880e-02,-7.359999999999999876e-01,-9.204438488222401737e-01
-1.734999999999999737e-02,-1.104000000000000092e+00,-9.422954088055088828e-01
-1.729999999999999594e-02,-7.359999999999999876e-01,-9.653401721688745774e-01
-1.724999999999999797e-02,-1.195999999999999952e+00,-9.893517511123670616e-01
-1.720000000000000001e-02,-1.195999999999999952e+00,-1.014163391193041441e+00
-1.714999999999999858e-02,-8.279999999999999583e-01,-1.040237213164215913e+00
-1.709999999999999715e-02,-8.279999999999999583e-01,-1.068412226061466574e+00
-1.704999999999999571e-02,-1.288000000000000034e+00,-1.098827729325050129e+00
-1.699999999999999775e-02,-9.199999999999999289e-01,-1.130639106814123052e+00
-1.694999999999999979e-02,-1.379999999999999893e+00,-1.162583899090330330e+00
-1.689999999999999836e-02,-1.104000000000000092e+00,-1.193420215905542481e+00
-1.684999999999999692e-02,-1.471999999999999975e+00,-1.222247986409911169e+00
-1.679999999999999896e-02,-1.012000000000000011e+00,-1.248723927083674967e+00
-1.674999999999999753e-02,-1.471999999999999975e+00,-1.272888911794715305e+00
-1.669999999999999957e-02,-1.471999999999999975e+00,-1.295074932065757967e+00
-1.664999999999999813e-02,-1.012000000000000011e+00,-1.316180995199959902e+00
-1.659999999999999670e-02,-1.564000000000000057e+00,-1.337503217242654197e+00
-1.654999999999999874e-02,-1.104000000000000092e+00,-1.360168777701426412e+00
-1.650000000000000078e-02,-1.564000000000000057e+00,-1.384973556328675581e+00
-1.644999999999999934e-02,-1.195999999999999952e+00,-1.412439352330243869e+00
-1.639999999999999791e-02,-1.288000000000000034e+00,-1.442619524409810117e+00
-1.634999999999999648e-02,-1.655999999999999917e+00,-1.474764495342068882e+00
-1.629999999999999852e-02,-1.747999999999999998e+00,-1.507716139570131730e+00
-1.625000000000000056e-02,-1.379999999999999893e+00,-1.540978753901960374e+00
-1.619999999999999912e-02,-1.379999999999999893e+00,-1.574794989637187115e+00
-1.614999999999999769e-02,-1.839999999999999858e+00,-1.609173493840640345e+00
-1.609999999999999626e-02,-1.471999999999999975e+00,-1.643606455234957187e+00
-1.604999999999999830e-02,-1.931999999999999940e+00,-1.677594105105401079e+00
-1.600000000000000033e-02,-1.471999999999999975e+00,-1.710937197107683883e+00
-1.594999999999999890e-02,-1.931999999999999940e+00,-1.743627448785964873e+00
-1.589999999999999747e-02,-1.564000000000000057e+00,-1.775627791717193649e+00
-1.584999999999999604e-02,-2.024000000000000021e+00,-1.806775051885308514e+00
-1.579999999999999807e-02,-1.655999999999999917e+00,-1.836863781075071200e+00
-1.575000000000000011e-02,-2.116000000000000103e+00,-1.865796743087084542e+00
-1.569999999999999868e-02,-1.655999999999999917e+00,-1.893687648600718587e+00
-1.564999999999999725e-02,-2.024000000000000021e+00,-1.920743025727546405e+00
-1.559999999999999755e-02,-2.208000000000000185e+00,-1.947211967228904994e+00
-1.554999999999999785e-02,-1.747999999999999998e+00,-1.973806936252750388e+00
-1.549999999999999815e-02,-1.747999999999999998e+00,-2.001607418165519459e+00
-1.544999999999999846e-02,-2.299999999999999822e+00,-2.031092585205322099e+00
-1.539999999999999876e-02,-1.839999999999999858e+00,-2.061917007353622378e+00
-1.534999999999999733e-02,-2.208000000000000185e+00,-2.093483574453935070e+00
-1.529999999999999763e-02,-1.931999999999999940e+00,-2.125041343257217274e+00
-1.524999999999999793e-02,-2.391999999999999904e+00,-2.155545258076483783e+00
-1.519999999999999823e-02,-2.391999999999999904e+00,-2.184096021368889140e+00
-1.514999999999999854e-02,-2.024000000000000021e+00,-2.210679126008905371e+00
-1.509999999999999884e-02,-2.024000000000000021e+00,-2.235935500383649188e+00
-1.504999999999999741e-02,-2.483999999999999986e+00,-2.260080782537869926e+00
-1.499999999999999771e-02,-2.116000000000000103e+00,-2.282650098304754405e+00
-1.494999999999999801e-02,-2.483999999999999986e+00,-2.303067457668242835e+00
-1.489999999999999832e-02,-2.483999999999999986e+00,-2.321115851661264440e+00
-1.484999999999999862e-02,-2.116000000000000103e+00,-2.337253622285390797e+00
-1.479999999999999892e-02,-2.576000000000000068e+00,-2.352488406519062991e+00
-1.474999999999999749e-02,-2.116000000000000103e+00,-2.367920392985060740e+00
-1.469999999999999779e-02,-2.576000000000000068e+00,-2.384525631757792752e+00
-1.464999999999999809e-02,-2.208000000000000185e+00,-2.403111558925814073e+00
-1.459999999999999840e-02,-2.208000000000000185e+00,-2.424087989368581830e+00
-1.454999999999999870e-02,-2.668000000000000149e+00,-2.447046605259922014e+00
-1.449999999999999900e-02,-2.299999999999999822e+00,-2.470841230285318435e+00
-1.444999999999999757e-02,-2.668000000000000149e+00,-2.494172594314169711e+00
-1.439999999999999787e-02,-2.759999999999999787e+00,-2.516107597975481891e+00
-1.434999999999999817e-02,-2.299999999999999822e+00,-2.536543538274452558e+00
-1.429999999999999674e-02,-2.391999999999999904e+00,-2.555930050771054063e+00
-1.424999999999999878e-02,-2.851999999999999869e+00,-2.574309058864570510e+00
-1.419999999999999735e-02,-2.299999999999999822e+00,-2.591177348327773355e+00
-1.414999999999999938e-02,-2.851999999999999869e+00,-2.605940603983131432e+00
-1.409999999999999795e-02,-2.851999999999999869e+00,-2.618267389675230206e+00
-1.404999999999999652e-02,-2.391999999999999904e+00,-2.628636561623555856e+00
-1.399999999999999856e-02,-2.483999999999999986e+00,-2.638152965367796643e+00
-1.394999999999999712e-02,-2.851999999999999869e+00,-2.647511808836083169e+00
-1.389999999999999916e-02,-2.483999999999999986e+00,-2.656783691504189804e+00
-1.384999999999999773e-02,-2.851999999999999869e+00,-2.665956517643978341e+00
-1.379999999999999977e-02,-2.483999999999999986e+00,-2.675131551643711969e+00
-1.374999999999999833e-02,-2.851999999999999869e+00,-2.684430608895633785e+00
-1.369999999999999690e-02,-2.483999999999999986e+00,-2.693903121072342088e+00
-1.364999999999999894e-02,-2.943999999999999950e+00,-2.703490175785636218e+00
-1.359999999999999751e-02,-2.576000000000000068e+00,-2.713160930488528688e+00
-1.354999999999999954e-02,-2.851999999999999869e+00,-2.723105590761008443e+00
-1.349999999999999811e-02,-2.483999999999999986e+00,-2.733637143419997972e+00
-1.344999999999999668e-02,-2.943999999999999950e+00,-2.744858283112181496e+00
-1.339999999999999872e-02,-2.576000000000000068e+00,-2.756554924105501403e+00
-1.334999999999999729e-02,-2.943999999999999950e+00,-2.768373657861038950e+00
-1.329999999999999932e-02,-2.576000000000000068e+00,-2.779937268758744917e+00
-1.324999999999999789e-02,-3.036000000000000032e+00,-2.790843424732438294e+00
-1.319999999999999646e-02,-2.576000000000000068e+00,-2.800723919556883157e+00
-1.314999999999999850e-02,-3.036000000000000032e+00,-2.809310358944903552e+00
-1.309999999999999706e-02,-2.576000000000000068e+00,-2.816393948641255918e+00
-1.304999999999999910e-02,-3.036000000000000032e+00,-2.821740145653738097e+00
-1.299999999999999767e-02,-3.036000000000000032e+00,-2.825307851976400553e+00
-1.294999999999999971e-02,-2.576000000000000068e+00,-2.827774408049042787e+00
-1.289999999999999827e-02,-2.576000000000000068e+00,-2.830206994826588218e+00
-1.284999999999999684e-02,-3.036000000000000032e+00,-2.832875282086241508e+00
-1.279999999999999888e-02,-3.036000000000000032e+00,-2.835225594286170381e+00
-1.274999999999999745e-02,-2.576000000000000068e+00,-2.837014010455525259e+00
-1.269999999999999948e-02,-3.036000000000000032e+00,-2.838573232710364103e+00
-1.264999999999999805e-02,-2.668000000000000149e+00,-2.840272193312241011e+00
-1.259999999999999662e-02,-2.668000000000000149e+00,-2.842151360165547924e+00
-1.254999999999999866e-02,-3.036000000000000032e+00,-2.843616146946308376e+00
-1.249999999999999722e-02,-3.036000000000000032e+00,-2.843710286667440190e+00
-1.244999999999999926e-02,-2.668000000000000149e+00,-2.842031634365871362e+00
-1.239999999999999783e-02,-2.943999999999999950e+00,-2.838906817593224385e+00
-1.234999999999999640e-02,-2.668000000000000149e+00,-2.834770044349944396e+00
-1.229999999999999843e-02,-3.036000000000000032e+00,-2.829845212329929804e+00
-1.224999999999999700e-02,-2.668000000000000149e+00,-2.824302124205572362e+00
-1.219999999999999904e-02,-2.943999999999999950e+00,-2.818420904748629496e+00
-1.214999999999999761e-02,-2.668000000000000149e+00,-2.812530651307177276e+00
-1.209999999999999964e-02,-3.036000000000000032e+00,-2.806951240269948133e+00
-1.204999999999999821e-02,-2.483999999999999986e+00,-2.802050987160052742e+00
-1.199999999999999678e-02,-3.036000000000000032e+00,-2.798127360735741309e+00
-1.194999999999999882e-02,-2.576000000000000068e+00,-2.795223361480090318e+00
-1.189999999999999739e-02,-3.036000000000000032e+00,-2.793224644093624587e+00
-1.184999999999999942e-02,-2.576000000000000068e+00,-2.792062888166960910e+00
-1.179999999999999799e-02,-3.036000000000000032e+00,-2.791794111752049723e+00
-1.174999999999999656e-02,-2.576000000000000068e+00,-2.792610079452257033e+00
-1.169999999999999860e-02,-2.576000000000000068e+00,-2.794550751296005053e+00
-1.164999999999999716e-02,-3.036000000000000032e+00,-2.796917289514328164e+00
-1.159999999999999920e-02,-3.036000000000000032e+00,-2.798545337729220872e+00
-1.154999999999999777e-02,-2.483999999999999986e+00,-2.798886371386432703e+00
-1.149999999999999634e-02,-3.036000000000000032e+00,-2.798109791903611754e+00
-1.144999999999999837e-02,-2.668000000000000149e+00,-2.796462202966111477e+00
-1.139999999999999694e-02,-2.576000000000000068e+00,-2.793984693158983568e+00
-1.134999999999999898e-02,-3.036000000000000032e+00,-2.790239916924950325e+00
-1.129999999999999755e-02,-3.036000000000000032e+00,-2.784570657005085437e+00
-1.124999999999999958e-02,-2.576000000000000068e+00,-2.777124400864551479e+00
-1.119999999999999815e-02,-2.576000000000000068e+00,-2.768851786231675494e+00
-1.114999999999999672e-02,-2.943999999999999950e+00,-2.760361723174622028e+00
-1.109999999999999876e-02,-2.943999999999999950e+00,-2.751770139364267731e+00
-1.104999999999999732e-02,-2.483999999999999986e+00,-2.743594840645531274e+00
-1.099999999999999936e-02,-2.576000000000000068e+00,-2.736665782386580759e+00
-1.094999999999999793e-02,-2.943999999999999950e+00,-2.731161709066028287e+00
-1.089999999999999650e-02,-2.483999999999999986e+00,-2.726505402674823664e+00
-1.084999999999999853e-02,-2.943999999999999950e+00,-2.721884835704903249e+00
-1.079999999999999710e-02,-2.576000000000000068e+00,-2.716477684184728680e+00
-1.074999999999999914e-02,-2.943999999999999950e+00,-2.709617674729988934e+00
-1.069999999999999771e-02,-2.483999999999999986e+00,-2.700968061323015146e+00
-1.064999999999999628e-02,-2.943999999999999950e+00,-2.690476630600427299e+00
-1.059999999999999831e-02,-2.759999999999999787e+00,-2.678462999464495287e+00
-1.054999999999999688e-02,-2.391999999999999904e+00,-2.665838291197272003e+00
-1.049999999999999892e-02,-2.851999999999999869e+00,-2.653758570768214309e+00
-1.044999999999999749e-02,-2.391999999999999904e+00,-2.643051763970305057e+00
-1.039999999999999952e-02,-2.483999999999999986e+00,-2.633930034483347171e+00
-1.034999999999999809e-02,-2.851999999999999869e+00,-2.625749302438062038e+00
-1.029999999999999666e-02,-2.851999999999999869e+00,-2.617509277534452838e+00
-1.024999999999999870e-02,-2.391999999999999904e+00,-2.608982255558898622e+00
-1.019999999999999726e-02,-2.391999999999999904e+00,-2.600623603014891483e+00
-1.014999999999999930e-02,-2.851999999999999869e+00,-2.592440245960286660e+00
-1.009999999999999787e-02,-2.391999999999999904e+00,-2.583785451510017595e+00
-1.004999999999999644e-02,-2.851999999999999869e+00,-2.574023006628873844e+00
-9.999999999999998473e-03,-2.299999999999999822e+00,-2.562848938732696702e+00
-9.949999999999997041e-03,-2.759999999999999787e+00,-2.550159844900229178e+00
-9.899999999999999079e-03,-2.299999999999999822e+00,-2.535818699815207466e+00
-9.849999999999997646e-03,-2.759999999999999787e+00,-2.519551793832731867e+00
-9.799999999999996214e-03,-2.576000000000000068e+00,-2.501210131147561189e+00
-9.749999999999998251e-03,-2.299999999999999822e+00,-2.481165294408417488e+00
-9.699999999999996819e-03,-2.668000000000000149e+00,-2.460202843523480620e+00
-9.649999999999998856e-03,-2.208000000000000185e+00,-2.439141478680429742e+00
-9.599999999999997424e-03,-2.668000000000000149e+00,-2.418750560769625579e+00
-9.549999999999999462e-03,-2.208000000000000185e+00,-2.399842449843622383e+00
-9.499999999999998029e-03,-2.208000000000000185e+00,-2.383126448340555203e+00
-9.449999999999996597e-03,-2.576000000000000068e+00,-2.368759051534389926e+00
-9.399999999999998634e-03,-2.116000000000000103e+00,-2.356279928769370979e+00
-9.349999999999997202e-03,-2.576000000000000068e+00,-2.344990241032937295e+00
-9.299999999999999239e-03,-2.116000000000000103e+00,-2.334139583635550519e+00
-9.249999999999997807e-03,-2.483999999999999986e+00,-2.322927645382509620e+00
-9.199999999999996375e-03,-2.116000000000000103e+00,-2.310443843014629461e+00
-9.149999999999998412e-03,-2.483999999999999986e+00,-2.295611145756401239e+00
-9.099999999999996980e-03,-2.483999999999999986e+00,-2.277490684155763834e+00
-9.049999999999999017e-03,-2.116000000000000103e+00,-2.255898589912819663e+00
-8.999999999999997585e-03,-2.391999999999999904e+00,-2.231531396119783128e+00
-8.949999999999996153e-03,-2.024000000000000021e+00,-2.205485500806700028e+00
-8.899999999999998190e-03,-1.931999999999999940e+00,-2.178628968062855886e+00
-8.849999999999996758e-03,-2.391999999999999904e+00,-2.150991369520841801e+00
-8.799999999999998795e-03,-2.299999999999999822e+00,-2.122033873797839476e+00
-8.749999999999997363e-03,-1.839999999999999858e+00,-2.091682211141819625e+00
-8.699999999999999400e-03,-2.299999999999999822e+00,-2.060502709477805450e+00
-8.649999999999997968e-03,-1.839999999999999858e+00,-2.029194838017355895e+00
-8.599999999999996536e-03,-1.747999999999999998e+00,-1.998207127305914321e+00
-8.549999999999998573e-03,-2.208000000000000185e+00,-1.967239927138266120e+00
-8.499999999999997141e-03,-1.747999999999999998e+00,-1.935211572468832797e+00
-8.449999999999999178e-03,-2.116000000000000103e+00,-1.900864717210522636e+00
-8.399999999999997746e-03,-2.116000000000000103e+00,-1.863384229554686300e+00
-8.349999999999996314e-03,-1.564000000000000057e+00,-1.822920475537350704e+00
-8.299999999999998351e-03,-1.931999999999999940e+00,-1.780444978554739599e+00
-8.249999999999996919e-03,-1.564000000000000057e+00,-1.736995526166742465e+00
-8.199999999999998956e-03,-1.839999999999999858e+00,-1.693346193428753033e+00
-8.149999999999997524e-03,-1.379999999999999893e+00,-1.650035642225549770e+00
-8.099999999999999561e-03,-1.839999999999999858e+00,-1.607282899922190866e+00
-8.049999999999998129e-03,-1.379999999999999893e+00,-1.565017053559304205e+00
-7.999999999999996697e-03,-1.747999999999999998e+00,-1.523134222614932254e+00
-7.949999999999998734e-03,-1.288000000000000034e+00,-1.481691940175407840e+00
-7.899999999999997302e-03,-1.655999999999999917e+00,-1.440925293496513548e+00
-7.849999999999999339e-03,-1.195999999999999952e+00,-1.401199880169647916e+00
-7.799999999999997907e-03,-1.195999999999999952e+00,-1.362725876558974702e+00
-7.749999999999996475e-03,-1.471999999999999975e+00,-1.325030978323714859e+00
-7.699999999999998512e-03,-1.564000000000000057e+00,-1.287176338728736491e+00
-7.649999999999997080e-03,-1.012000000000000011e+00,-1.248777028957141599e+00
-7.599999999999999117e-03,-1.471999999999999975e+00,-1.210327020936418085e+00
-7.549999999999997685e-03,-9.199999999999999289e-01,-1.172715214572997100e+00
-7.499999999999996253e-03,-9.199999999999999289e-01,-1.136624271852544998e+00
-7.449999999999998290e-03,-1.288000000000000034e+00,-1.101864196157581688e+00
-7.399999999999996858e-03,-1.288000000000000034e+00,-1.067562871197253571e+00
-7.349999999999998895e-03,-8.279999999999999583e-01,-1.033272370888749681e+00
-7.299999999999997463e-03,-1.195999999999999952e+00,-9.993163628169859924e-01
-7.249999999999999500e-03,-8.279999999999999583e-01,-9.663235064301052279e-01
-7.199999999999998068e-03,-7.359999999999999876e-01,-9.348138091862198129e-01
-7.149999999999996636e-03,-1.104000000000000092e+00,-9.047758378325185813e-01
-7.099999999999998673e-03,-6.440000000000000169e-01,-8.755788284667321841e-01
-7.049999999999997241e-03,-1.104000000000000092e+00,-8.463359689475120629e-01
-6.999999999999999278e-03,-6.440000000000000169e-01,-8.162026493498235613e-01
-6.949999999999997846e-03,-1.012000000000000011e+00,-7.845592451175846804e-01
-6.899999999999996414e-03,-9.199999999999999289e-01,-7.513174446846461185e-01
-6.849999999999998451e-03,-4.599999999999999645e-01,-7.172390988925785305e-01
-6.799999999999997019e-03,-9.199999999999999289e-01,-6.836882949700716638e-01
-6.749999999999999056e-03,-3.679999999999999938e-01,-6.520416691312609370e-01
-6.699999999999997624e-03,-3.679999999999999938e-01,-6.231512059264320280e-01
-6.649999999999996192e-03,-9.199999999999999289e-01,-5.967905167992548776e-01
-6.599999999999998229e-03,-7.359999999999999876e-01,-5.721202578012380968e-01
-6.549999999999996797e-03,-3.679999999999999938e-01,-5.489990483644644481e-01
-6.499999999999998834e-03,-2.760000000000000231e-01,-5.279431310707014546e-01
-6.449999999999997402e-03,-8.279999999999999583e-01,-5.089678306563641952e-01
-6.399999999999999439e-03,-2.760000000000000231e-01,-4.914521986527737862e-01
-6.349999999999998007e-03,-6.440000000000000169e-01,-4.747959377825584637e-01
-6.299999999999996575e-03,-2.760000000000000231e-01,-4.585408113433702137e-01
-6.249999999999998612e-03,-6.440000000000000169e-01,-4.421933997856369314e-01
-6.199999999999997180e-03,-6.440000000000000169e-01,-4.255068633086559471e-01
-6.149999999999999217e-03,-1.839999999999999969e-01,-4.090516833149078768e-01
-6.099999999999997785e-03,-1.839999999999999969e-01,-3.939178316649759037e-01
-6.049999999999996353e-03,-5.520000000000000462e-01,-3.806019839808427174e-01
-5.999999999999998390e-03,-1.839999999999999969e-01,-3.686944366634078429e-01
-5.949999999999996958e-03,-5.520000000000000462e-01,-3.574201632633813297e-01
-5.899999999999998995e-03,-9.199999999999999845e-02,-3.459361054480787345e-01
-5.849999999999997563e-03,-5.520000000000000462e-01,-3.332752850562102354e-01
-5.799999999999996131e-03,-5.520000000000000462e-01,-3.185829413599814974e-01
-5.749999999999998168e-03,-9.199999999999999845e-02,-3.017689518431946327e-01
-5.699999999999996736e-03,-4.599999999999999645e-01,-2.835982660761102170e-01
-5.649999999999998773e-03,-9.199999999999999845e-02,-2.651040882051992065e-01
-5.599999999999997341e-03,-4.599999999999999645e-01,-2.473026521233837038e-01
-5.549999999999999378e-03,0.000000000000000000e+00,-2.312584860959184252e-01
-5.499999999999997946e-03,0.000000000000000000e+00,-2.177953148370382064e-01
-5.449999999999996514e-03,-4.599999999999999645e-01,-2.069012001062519035e-01
-5.399999999999998551e-03,-2.760000000000000231e-01,-1.979797874395100021e-01
-5.349999999999997119e-03,0.000000000000000000e+00,-1.907729405803109402e-01
-5.299999999999999156e-03,0.000000000000000000e+00,-1.852203773723110625e-01
-5.249999999999997724e-03,-3.679999999999999938e-01,-1.805489015845470335e-01
-5.199999999999996292e-03,-3.679999999999999938e-01,-1.754478808097655607e-01
-5.149999999999998329e-03,0.000000000000000000e+00,-1.691064350361499991e-01
-5.099999999999996897e-03,-3.679999999999999938e-01,-1.615002769221379197e-01
-5.049999999999998934e-03,9.199999999999999845e-02,-1.529349199491385480e-01
-4.999999999999997502e-03,0.000000000000000000e+00,-1.434842368659822176e-01
-4.949999999999996070e-03,-3.679999999999999938e-01,-1.324976934559664865e-01
-4.899999999999998107e-03,-3.679999999999999938e-01,-1.190458659870384656e-01
-4.849999999999996675e-03,9.199999999999999845e-02,-1.030771140765062571e-01
-4.799999999999998712e-03,-2.760000000000000231e-01,-8.561105485752337763e-02
-4.749999999999997280e-03,1.839999999999999969e-01,-6.802624283868091704e-02
-4.699999999999999317e-03,-2.760000000000000231e-01,-5.159254290760636324e-02
-4.649999999999997885e-03,1.839999999999999969e-01,-3.741025226480425292e-02
-4.599999999999996453e-03,1.839999999999999969e-01,-2.622277631865864780e-02
-4.549999999999998490e-03,-2.760000000000000231e-01,-1.797701315200322253e-02
-4.499999999999997058e-03,2.760000000000000231e-01,-1.187833414532176064e-02
-4.449999999999999095e-03,-2.760000000000000231e-01,-6.882560300568167817e-03
-4.399999999999997663e-03,2.760000000000000231e-01,-1.878298668619426568e-03
-4.349999999999996231e-03,-2.760000000000000231e-01,4.315055313942055444e-03
-4.299999999999998268e-03,-1.839999999999999969e-01,1.260173286332558380e-02
-4.249999999999996836e-03,2.760000000000000231e-01,2.302199969970868468e-02
-4.199999999999998873e-03,-2.760000000000000231e-01,3.478428684687363132e-02
-4.149999999999997441e-03,2.760000000000000231e-01,4.674290305800057194e-02
-4.099999999999996009e-03,2.760000000000000231e-01,5.780616691700346532e-02
-4.049999999999998046e-03,-9.199999999999999845e-02,6.757372435825437229e-02
-3.999999999999996614e-03,2.760000000000000231e-01,7.657439014128537835e-02
-3.949999999999998651e-03,-1.839999999999999969e-01,8.576019613975084666e-02
-3.899999999999997219e-03,0.000000000000000000e+00,9.583245254773840871e-02
-3.849999999999999256e-03,2.760000000000000231e-01,1.067407820709058291e-01
-3.799999999999997824e-03,-9.199999999999999845e-02,1.178134560868259600e-01
-3.749999999999996392e-03,3.679999999999999938e-01,1.282295931082988172e-01
-3.699999999999998429e-03,3.679999999999999938e-01,1.374904539744087884e-01
-3.649999999999996997e-03,-9.199999999999999845e-02,1.460114388972800215e-01
-3.599999999999999034e-03,-9.199999999999999845e-02,1.547953793861832350e-01
-3.549999999999997602e-03,3.679999999999999938e-01,1.641845888872998094e-01
-3.499999999999996170e-03,0.000000000000000000e+00,1.735393213290802872e-01
-3.449999999999998207e-03,3.679999999999999938e-01,1.818986690051283550e-01
-3.399999999999996775e-03,3.679999999999999938e-01,1.885855650185913890e-01
-3.349999999999998812e-03,0.000000000000000000e+00,1.936467990302040976e-01
-3.299999999999997380e-03,3.679999999999999938e-01,1.977854963659352039e-01
-3.249999999999995948e-03,0.000000000000000000e+00,2.018437875479149879e-01
-3.199999999999997985e-03,9.199999999999999845e-02,2.063519194690332792e-01
-3.149999999999996553e-03,3.679999999999999938e-01,2.111954611041587104e-01
-3.099999999999998590e-03,4.599999999999999645e-01,2.159755242704282097e-01
-3.049999999999997158e-03,0.000000000000000000e+00,2.209456222170646800e-01
-2.999999999999999195e-03,0.000000000000000000e+00,2.269044376143247443e-01
-2.949999999999997763e-03,4.599999999999999645e-01,2.341003466849561898e-01
-2.899999999999996331e-03,0.000000000000000000e+00,2.419387775892633818e-01
-2.849999999999998368e-03,4.599999999999999645e-01,2.494913761525973939e-01
-2.799999999999996936e-03,4.599999999999999645e-01,2.560003856591570592e-01
-2.749999999999998973e-03,9.199999999999999845e-02,2.614429026405543088e-01
-2.699999999999997541e-03,9.199999999999999845e-02,2.664076383979020468e-01
-2.649999999999996109e-03,4.599999999999999645e-01,2.711693204145910752e-01
-2.599999999999998146e-03,4.599999999999999645e-01,2.756373535515990181e-01
-2.549999999999996714e-03,9.199999999999999845e-02,2.802340930981100375e-01
-2.499999999999998751e-03,9.199999999999999845e-02,2.858477611957300213e-01
-2.449999999999997319e-03,4.599999999999999645e-01,2.928559936591975110e-01
-2.399999999999995887e-03,9.199999999999999845e-02,3.008360210099166321e-01
-2.349999999999997924e-03,4.599999999999999645e-01,3.089591419624772572e-01
-2.299999999999996492e-03,5.520000000000000462e-01,3.164353188984037057e-01
-2.249999999999998529e-03,9.199999999999999845e-02,3.230718553028985585e-01
-2.199999999999997097e-03,5.520000000000000462e-01,3.293727122908797766e-01
-2.149999999999999134e-03,9.199999999999999845e-02,3.360641871798528135e-01
-2.099999999999997702e-03,1.839999999999999969e-01,3.435649929933290436e-01
-2.049999999999996270e-03,5.520000000000000462e-01,3.515118131222443876e-01
-1.999999999999998307e-03,5.520000000000000462e-01,3.590906611121725822e-01
-1.949999999999996875e-03,1.839999999999999969e-01,3.660603179194512613e-01
-1.899999999999998912e-03,5.520000000000000462e-01,3.729665757900040846e-01
-1.849999999999997480e-03,1.839999999999999969e-01,3.806064962522225925e-01
-1.799999999999996048e-03,6.440000000000000169e-01,3.897813327132065297e-01
-1.749999999999998085e-03,1.839999999999999969e-01,4.013891986437831960e-01
-1.699999999999996653e-03,1.839999999999999969e-01,4.162125128395565143e-01
-1.649999999999998690e-03,6.440000000000000169e-01,4.342765377386859083e-01
-1.599999999999997258e-03,2.760000000000000231e-01,4.547579540043353297e-01
-1.549999999999995826e-03,6.440000000000000169e-01,4.765593934831718337e-01
-1.499999999999997863e-03,2.760000000000000231e-01,4.985717356131928457e-01
-1.449999999999996431e-03,8.279999999999999583e-01,5.196338896662030526e-01
-1.399999999999998468e-03,3.679999999999999938e-01,5.387221489657502138e-01
-1.349999999999997036e-03,8.279999999999999583e-01,5.552641313087730568e-01
-1.299999999999999073e-03,2.760000000000000231e-01,5.691810197727298348e-01
-1.249999999999997641e-03,8.279999999999999583e-01,5.806057926968769545e-01
-1.199999999999996209e-03,7.359999999999999876e-01,5.898582352163789233e-01
-1.149999999999998246e-03,4.599999999999999645e-01,5.979069526728815198e-01
-1.099999999999996814e-03,3.679999999999999938e-01,6.062135384934858040e-01
-1.049999999999998851e-03,8.279999999999999583e-01,6.157763596620481339e-01
-9.999999999999974187e-04,3.679999999999999938e-01,6.268105178451658377e-01
-9.499999999999959865e-04,9.199999999999999289e-01,6.391712668115497875e-01
-8.999999999999980238e-04,3.679999999999999938e-01,6.526487189438141545e-01
-8.499999999999965916e-04,8.279999999999999583e-01,6.669602401078078557e-01
-7.999999999999986289e-04,9.199999999999999289e-01,6.818476902639631909e-01
-7.499999999999971967e-04,5.520000000000000462e-01,6.976290135401425063e-01
-6.999999999999957645e-04,4.599999999999999645e-01,7.152204112702631456e-01
-6.499999999999978018e-04,9.199999999999999289e-01,7.351629218576134495e-01
-5.999999999999963696e-04,5.520000000000000462e-01,7.571533981499349863e-01
-5.499999999999984068e-04,1.012000000000000011e+00,7.804818051336861462e-01
-4.999999999999969746e-04,6.440000000000000169e-01,8.044499575153289950e-01
-4.499999999999990119e-04,1.012000000000000011e+00,8.285453023687074925e-01
-3.999999999999975797e-04,6.440000000000000169e-01,8.524337560331222141e-01
-3.499999999999961475e-04,1.104000000000000092e+00,8.758346469242923593e-01
-2.999999999999981848e-04,7.359999999999999876e-01,8.985131877553826918e-01
-2.499999999999967526e-04,1.104000000000000092e+00,9.203933392403124136e-01
-1.999999999999987899e-04,7.359999999999999876e-01,9.415614272738038748e-01
-1.499999999999973577e-04,1.195999999999999952e+00,9.621612605189625578e-01
-9.999999999999592548e-05,7.359999999999999876e-01,9.823539819470612500e-01
-4.999999999999796274e-05,1.195999999999999952e+00,1.002283551110374482e+00
3.469446951953614189e-18,8.279999999999999583e-01,1.021988551177030358e+00
5.000000000000143219e-05,1.195999999999999952e+00,1.041375032211541818e+00
1.000000000000028644e-04,1.288000000000000034e+00,1.060481571765035547e+00
1.500000000000008271e-04,8.279999999999999583e-01,1.079978306400998678e+00
2.000000000000022593e-04,1.288000000000000034e+00,1.101144879101706664e+00
2.500000000000036915e-04,9.199999999999999289e-01,1.125320670396700473e+00
3.000000000000016542e-04,9.199999999999999289e-01,1.153395784715575800e+00
3.500000000000030864e-04,1.379999999999999893e+00,1.185331875651263633e+00
4.000000000000010492e-04,1.012000000000000011e+00,1.220169129781794481e+00
4.500000000000024813e-04,1.379999999999999893e+00,1.256519759766594468e+00
5.000000000000039135e-04,1.564000000000000057e+00,1.293034458296257405e+00
5.500000000000018763e-04,1.104000000000000092e+00,1.328969146751825425e+00
6.000000000000033085e-04,1.195999999999999952e+00,1.364110588123957024e+00
6.500000000000012712e-04,1.655999999999999917e+00,1.397895151076765430e+00
7.000000000000027034e-04,1.655999999999999917e+00,1.429520907624523662e+00
7.500000000000041356e-04,1.195999999999999952e+00,1.459000313696101614e+00
8.000000000000020983e-04,1.655999999999999917e+00,1.487189067938486264e+00
8.500000000000035305e-04,1.288000000000000034e+00,1.514964452733628120e+00
9.000000000000014932e-04,1.747999999999999998e+00,1.542879418876666797e+00
9.500000000000029254e-04,1.379999999999999893e+00,1.571285326795947235e+00
1.000000000000000888e-03,1.471999999999999975e+00,1.600280722993163041e+00
1.050000000000002320e-03,1.839999999999999858e+00,1.629425015758852124e+00
1.100000000000003753e-03,1.839999999999999858e+00,1.658085371609947734e+00
1.150000000000001715e-03,1.471999999999999975e+00,1.686303804189836164e+00
1.200000000000003147e-03,1.931999999999999940e+00,1.714855723084459660e+00
1.250000000000001110e-03,1.564000000000000057e+00,1.744730657903072357e+00
1.300000000000002542e-03,1.564000000000000057e+00,1.776724265788933055e+00
1.350000000000003975e-03,2.024000000000000021e+00,1.810960143593191241e+00
1.400000000000005407e-03,1.655999999999999917e+00,1.846856567918063519e+00
1.449999999999999900e-03,2.024000000000000021e+00,1.883594944865022658e+00
1.500000000000001332e-03,1.747999999999999998e+00,1.920283451775130157e+00
1.550000000000002764e-03,2.208000000000000185e+00,1.955939000920205117e+00
1.600000000000004197e-03,1.839999999999999858e+00,1.989701596838213904e+00
1.650000000000005629e-03,2.208000000000000185e+00,2.021058468294194554e+00
1.700000000000000122e-03,1.839999999999999858e+00,2.049796209912984501e+00
1.750000000000001554e-03,2.299999999999999822e+00,2.075802050253822806e+00
1.800000000000002986e-03,2.299999999999999822e+00,2.099238117029444517e+00
1.850000000000004419e-03,1.931999999999999940e+00,2.121088957455022239e+00
1.900000000000005851e-03,1.839999999999999858e+00,2.142862906180961424e+00
1.950000000000000344e-03,2.391999999999999904e+00,2.165381038303781480e+00
2.000000000000001776e-03,2.024000000000000021e+00,2.188438226297234834e+00
2.050000000000003209e-03,2.391999999999999904e+00,2.211503318741900426e+00
2.100000000000004641e-03,2.391999999999999904e+00,2.234357677024359390e+00
2.150000000000006073e-03,2.024000000000000021e+00,2.257442769365183288e+00
2.200000000000000566e-03,2.116000000000000103e+00,2.281454408045610727e+00
2.250000000000001998e-03,2.483999999999999986e+00,2.306412661772657913e+00
2.300000000000003431e-03,2.116000000000000103e+00,2.331535858973954767e+00
2.350000000000004863e-03,2.576000000000000068e+00,2.355745539490614160e+00
2.399999999999999356e-03,2.576000000000000068e+00,2.378171239747441046e+00
2.450000000000000788e-03,2.208000000000000185e+00,2.398721281699371932e+00
2.500000000000002220e-03,2.576000000000000068e+00,2.418089012847566721e+00
2.550000000000003653e-03,2.208000000000000185e+00,2.437137530254388285e+00
2.600000000000005085e-03,2.668000000000000149e+00,2.456526879947536379e+00
2.649999999999999578e-03,2.208000000000000185e+00,2.476692638929092638e+00
2.700000000000001010e-03,2.391999999999999904e+00,2.497648622465237445e+00
2.750000000000002442e-03,2.759999999999999787e+00,2.518668184530177268e+00
2.800000000000003875e-03,2.851999999999999869e+00,2.538887022828182793e+00
2.850000000000005307e-03,2.299999999999999822e+00,2.558542476480229144e+00
2.899999999999999800e-03,2.299999999999999822e+00,2.578768884122350613e+00
2.950000000000001232e-03,2.851999999999999869e+00,2.600121218325978756e+00
3.000000000000002665e-03,2.391999999999999904e+00,2.622137336801771745e+00
3.050000000000004097e-03,2.851999999999999869e+00,2.643993326637058328e+00
3.100000000000005529e-03,2.483999999999999986e+00,2.664864698626850714e+00
3.150000000000000022e-03,2.943999999999999950e+00,2.683999904928014768e+00
3.200000000000001454e-03,2.943999999999999950e+00,2.701150546249637241e+00
3.250000000000002887e-03,2.391999999999999904e+00,2.717132233767520333e+00
3.300000000000004319e-03,2.576000000000000068e+00,2.733300761935215206e+00
3.350000000000005751e-03,2.943999999999999950e+00,2.750285169730449564e+00
3.400000000000000244e-03,2.576000000000000068e+00,2.767821883449771647e+00
3.450000000000001676e-03,2.943999999999999950e+00,2.785395155093393971e+00
3.500000000000003109e-03,2.576000000000000068e+00,2.802410346673811059e+00
3.550000000000004541e-03,3.036000000000000032e+00,2.818077952737886527e+00
3.600000000000005973e-03,2.668000000000000149e+00,2.831477793361079520e+00
3.650000000000000466e-03,3.036000000000000032e+00,2.841753140714958548e+00
3.700000000000001898e-03,3.036000000000000032e+00,2.848443061646326768e+00
3.750000000000003331e-03,2.668000000000000149e+00,2.851902066680694237e+00
3.800000000000004763e-03,3.036000000000000032e+00,2.853231010504036380e+00
3.850000000000006195e-03,2.668000000000000149e+00,2.853773882552233410e+00
3.900000000000000688e-03,2.668000000000000149e+00,2.854634807647923100e+00
3.950000000000002121e-03,3.036000000000000032e+00,2.856204163113151395e+00
4.000000000000003553e-03,2.668000000000000149e+00,2.858147951846492951e+00
4.050000000000004985e-03,3.036000000000000032e+00,2.859856556740422828e+00
4.099999999999999478e-03,3.036000000000000032e+00,2.860891114126770329e+00
4.150000000000000910e-03,2.668000000000000149e+00,2.861431394624858182e+00
4.200000000000002343e-03,3.036000000000000032e+00,2.862264488673023521e+00
4.250000000000003775e-03,2.668000000000000149e+00,2.864312544764153312e+00
4.300000000000005207e-03,2.668000000000000149e+00,2.868156881809708736e+00
4.349999999999999700e-03,3.128000000000000114e+00,2.873609449133811555e+00
4.400000000000001132e-03,2.668000000000000149e+00,2.879848664251545287e+00
4.450000000000002565e-03,3.128000000000000114e+00,2.886005120897530141e+00
4.500000000000003997e-03,3.036000000000000032e+00,2.891623905849820098e+00
4.550000000000005429e-03,2.668000000000000149e+00,2.897009946784123269e+00
4.599999999999999922e-03,2.668000000000000149e+00,2.902764933123010760e+00
4.650000000000001354e-03,3.128000000000000114e+00,2.908688645930006089e+00
4.700000000000002787e-03,3.128000000000000114e+00,2.913895631400923225e+00
4.750000000000004219e-03,2.668000000000000149e+00,2.917975071109959906e+00
4.800000000000005651e-03,3.128000000000000114e+00,2.921229745536072286e+00
4.850000000000000144e-03,2.668000000000000149e+00,2.924054880551028912e+00
4.900000000000001577e-03,2.851999999999999869e+00,2.926440544163558144e+00
4.950000000000003009e-03,3.128000000000000114e+00,2.927711836491218023e+00
5.000000000000004441e-03,3.128000000000000114e+00,2.927029003547201302e+00
5.050000000000005873e-03,2.759999999999999787e+00,2.924362458898363215e+00
5.100000000000000366e-03,2.759999999999999787e+00,2.920384087047128041e+00
5.150000000000001799e-03,3.128000000000000114e+00,2.915507105782629171e+00
5.200000000000003231e-03,3.036000000000000032e+00,2.909866160585923289e+00
5.250000000000004663e-03,2.668000000000000149e+00,2.904060018817739675e+00
5.300000000000006095e-03,3.036000000000000032e+00,2.899089601724606169e+00
5.350000000000000588e-03,2.668000000000000149e+00,2.895717073732140268e+00
5.400000000000002021e-03,2.759999999999999787e+00,2.894049156324147720e+00
5.450000000000003453e-03,3.128000000000000114e+00,2.893339093796355233e+00
5.500000000000004885e-03,3.128000000000000114e+00,2.892585775035391826e+00
5.549999999999999378e-03,2.668000000000000149e+00,2.891645220289862817e+00
5.600000000000000810e-03,2.668000000000000149e+00,2.891065311162937856e+00
5.650000000000002243e-03,3.128000000000000114e+00,2.890877476759492914e+00
5.700000000000003675e-03,2.668000000000000149e+00,2.890313079938461982e+00
5.750000000000005107e-03,3.128000000000000114e+00,2.888387756156105102e+00
5.799999999999999600e-03,3.036000000000000032e+00,2.884432768577949613e+00
5.850000000000001033e-03,2.668000000000000149e+00,2.878522752928872386e+00
5.900000000000002465e-03,3.036000000000000032e+00,2.871341563719601364e+00
5.950000000000003897e-03,2.668000000000000149e+00,2.863601862125255693e+00
6.000000000000005329e-03,3.036000000000000032e+00,2.855824498854835802e+00
6.049999999999999822e-03,2.668000000000000149e+00,2.848413772797625310e+00
6.100000000000001255e-03,3.036000000000000032e+00,2.841733655021406069e+00
6.150000000000002687e-03,2.668000000000000149e+00,2.836180526455827078e+00
6.200000000000004119e-03,2.668000000000000149e+00,2.832016968255020917e+00
6.250000000000005551e-03,3.036000000000000032e+00,2.828963452564390302e+00
6.300000000000000044e-03,2.668000000000000149e+00,2.826241643795762482e+00
6.350000000000001477e-03,3.036000000000000032e+00,2.823071905246240298e+00
6.400000000000002909e-03,2.576000000000000068e+00,2.818878183694847106e+00
6.450000000000004341e-03,3.036000000000000032e+00,2.813149227936029284e+00
6.500000000000005773e-03,2.943999999999999950e+00,2.805541217568376489e+00
6.550000000000000266e-03,2.576000000000000068e+00,2.796284288223547243e+00
6.600000000000001699e-03,2.943999999999999950e+00,2.786084353224825172e+00
6.650000000000003131e-03,2.576000000000000068e+00,2.775576258100731497e+00
6.700000000000004563e-03,2.943999999999999950e+00,2.765133930451844524e+00
6.750000000000005995e-03,2.576000000000000068e+00,2.754974234167149483e+00
6.800000000000000488e-03,2.576000000000000068e+00,2.745029519409638574e+00
6.850000000000001921e-03,2.943999999999999950e+00,2.734587327443323002e+00
6.900000000000003353e-03,2.943999999999999950e+00,2.722625474389788192e+00
6.950000000000004785e-03,2.483999999999999986e+00,2.708790138858336416e+00
7.000000000000006217e-03,2.943999999999999950e+00,2.693575863874297038e+00
7.050000000000000711e-03,2.391999999999999904e+00,2.677767985910560533e+00
7.100000000000002143e-03,2.851999999999999869e+00,2.662071050685999474e+00
7.150000000000003575e-03,2.483999999999999986e+00,2.646975041108854843e+00
7.200000000000005007e-03,2.759999999999999787e+00,2.632795142880954842e+00
7.249999999999999500e-03,2.391999999999999904e+00,2.619706342843906022e+00
7.300000000000000933e-03,2.851999999999999869e+00,2.607653798173192872e+00
7.350000000000002365e-03,2.391999999999999904e+00,2.596426957434495364e+00
7.400000000000003797e-03,2.391999999999999904e+00,2.585608321595775472e+00
7.450000000000005229e-03,2.851999999999999869e+00,2.574167788745850505e+00
7.499999999999999722e-03,2.759999999999999787e+00,2.560808129607168748e+00
7.550000000000001155e-03,2.299999999999999822e+00,2.545012362722117949e+00
7.600000000000002587e-03,2.759999999999999787e+00,2.527122926058634089e+00
7.650000000000004019e-03,2.299999999999999822e+00,2.507688881398285830e+00
7.700000000000005451e-03,2.668000000000000149e+00,2.487238153454323086e+00
7.749999999999999944e-03,2.299999999999999822e+00,2.466296850296613385e+00
7.800000000000001377e-03,2.576000000000000068e+00,2.445360964910980428e+00
7.850000000000002809e-03,2.208000000000000185e+00,2.424815306414545901e+00
7.900000000000004241e-03,2.576000000000000068e+00,2.404795077970632189e+00
7.950000000000005673e-03,2.208000000000000185e+00,2.385160500266111150e+00
8.000000000000000167e-03,2.576000000000000068e+00,2.365641105938148137e+00
8.050000000000001599e-03,2.208000000000000185e+00,2.346034669149315022e+00
8.100000000000003031e-03,2.483999999999999986e+00,2.326346774653742511e+00
8.150000000000004463e-03,2.116000000000000103e+00,2.306756642682299852e+00
8.200000000000005895e-03,2.116000000000000103e+00,2.287235750889102803e+00
8.250000000000000389e-03,2.483999999999999986e+00,2.267050801431354845e+00
8.300000000000001821e-03,2.391999999999999904e+00,2.245079551505930304e+00
8.350000000000003253e-03,2.024000000000000021e+00,2.220713864339361354e+00
8.400000000000004685e-03,2.391999999999999904e+00,2.193968133565374234e+00
8.450000000000006117e-03,2.024000000000000021e+00,2.165030087409427484e+00
8.500000000000000611e-03,2.299999999999999822e+00,2.134181818495215044e+00
8.550000000000002043e-03,1.931999999999999940e+00,2.101858114938143007e+00
8.600000000000003475e-03,2.299999999999999822e+00,2.068607528086144676e+00
8.650000000000004907e-03,1.839999999999999858e+00,2.035125572319827381e+00
8.700000000000006339e-03,1.747999999999999998e+00,2.002007221191719477e+00
8.750000000000000833e-03,2.208000000000000185e+00,1.969097230330222326e+00
8.800000000000002265e-03,1.747999999999999998e+00,1.935419157777534593e+00
8.850000000000003697e-03,2.208000000000000185e+00,1.899858575486642165e+00
8.900000000000005129e-03,2.024000000000000021e+00,1.861912561874455863e+00
8.949999999999999623e-03,1.564000000000000057e+00,1.822165769319080475e+00
9.000000000000001055e-03,1.931999999999999940e+00,1.781917150305299513e+00
9.050000000000002487e-03,1.564000000000000057e+00,1.742358344443272644e+00
9.100000000000003919e-03,1.471999999999999975e+00,1.704104803921691058e+00
9.150000000000005351e-03,1.839999999999999858e+00,1.666838593078251662e+00
9.199999999999999845e-03,1.839999999999999858e+00,1.629579189862920829e+00
9.250000000000001277e-03,1.379999999999999893e+00,1.591699842248223806e+00
9.300000000000002709e-03,1.747999999999999998e+00,1.553247778261970913e+00
9.350000000000004141e-03,1.288000000000000034e+00,1.514457248845143766e+00
9.400000000000005573e-03,1.655999999999999917e+00,1.475440967110838830e+00
9.450000000000000067e-03,1.288000000000000034e+00,1.436174855652019078e+00
9.500000000000001499e-03,1.655999999999999917e+00,1.396659328149730372e+00
9.550000000000002931e-03,1.104000000000000092e+00,1.357140819789650177e+00
9.600000000000004363e-03,1.564000000000000057e+00,1.318103156935678477e+00
9.650000000000005795e-03,1.012000000000000011e+00,1.280084187946108454e+00
9.700000000000000289e-03,1.104000000000000092e+00,1.243313729288152425e+00
9.750000000000001721e-03,1.471999999999999975e+00,1.207284952845090187e+00
9.800000000000003153e-03,1.288000000000000034e+00,1.171184789027316375e+00
9.850000000000004585e-03,9.199999999999999289e-01,1.134839131113833943e+00
9.900000000000006017e-03,1.288000000000000034e+00,1.098671954353356517e+00
9.950000000000000511e-03,9.199999999999999289e-01,1.063143172754367871e+00
1.000000000000000194e-02,1.195999999999999952e+00,1.028705242639667672e+00
1.005000000000000338e-02,8.279999999999999583e-01,9.959269545066152807e-01
1.010000000000000481e-02,7.359999999999999876e-01,9.652006559574174416e-01
1.015000000000000624e-02,1.104000000000000092e+00,9.361443717032479350e-01
1.020000000000000073e-02,1.104000000000000092e+00,9.077393277612345601e-01
1.025000000000000216e-02,7.359999999999999876e-01,8.793217478210850757e-01
1.030000000000000360e-02,1.012000000000000011e+00,8.509877289239496934e-01
1.035000000000000503e-02,6.440000000000000169e-01,8.231844059053441409e-01
1.040000000000000646e-02,5.520000000000000462e-01,7.961249343983461957e-01
1.045000000000000095e-02,1.012000000000000011e+00,7.691993110042615323e-01
1.050000000000000239e-02,1.012000000000000011e+00,7.413075807247213600e-01
1.055000000000000382e-02,4.599999999999999645e-01,7.120620351039866902e-01
1.060000000000000525e-02,9.199999999999999289e-01,6.820698175246562300e-01
1.064999999999999974e-02,4.599999999999999645e-01,6.522984150634711931e-01
1.070000000000000118e-02,7.359999999999999876e-01,6.237361414725836051e-01
1.075000000000000261e-02,3.679999999999999938e-01,5.972238679752881474e-01
1.080000000000000404e-02,7.359999999999999876e-01,5.732174710937596451e-01
1.085000000000000547e-02,4.599999999999999645e-01,5.518208805826073649e-01
1.089999999999999997e-02,3.679999999999999938e-01,5.329113995352979805e-01
1.095000000000000140e-02,7.359999999999999876e-01,5.160084713840158432e-01
1.100000000000000283e-02,2.760000000000000231e-01,5.002927958289544730e-01
1.105000000000000426e-02,6.440000000000000169e-01,4.848383911889820874e-01
1.110000000000000570e-02,6.440000000000000169e-01,4.688332470018957698e-01
1.115000000000000019e-02,2.760000000000000231e-01,4.519703487374743811e-01
1.120000000000000162e-02,6.440000000000000169e-01,4.345524126667423270e-01
1.125000000000000305e-02,1.839999999999999969e-01,4.171393187181236528e-01
1.130000000000000449e-02,5.520000000000000462e-01,4.002576926247213840e-01
1.135000000000000592e-02,1.839999999999999969e-01,3.842263229902647681e-01
1.140000000000000041e-02,5.520000000000000462e-01,3.690929925649376608e-01
1.145000000000000184e-02,1.839999999999999969e-01,3.547376919661379691e-01
1.150000000000000328e-02,5.520000000000000462e-01,3.410254994222579050e-01
1.155000000000000471e-02,9.199999999999999845e-02,3.278938486137120689e-01
1.160000000000000614e-02,5.520000000000000462e-01,3.153172450086287326e-01
1.165000000000000063e-02,9.199999999999999845e-02,3.032659541057127761e-01
1.170000000000000207e-02,4.599999999999999645e-01,2.917169841305060629e-01
1.175000000000000350e-02,9.199999999999999845e-02,2.806018907918566563e-01
1.180000000000000493e-02,4.599999999999999645e-01,2.697497562177495478e-01
1.185000000000000636e-02,9.199999999999999845e-02,2.589420339928720782e-01
1.190000000000000085e-02,4.599999999999999645e-01,2.480228460223560805e-01
1.195000000000000229e-02,9.199999999999999845e-02,2.370085172121771666e-01
1.200000000000000372e-02,4.599999999999999645e-01,2.261973653719440702e-01
1.205000000000000515e-02,0.000000000000000000e+00,2.162211715378085652e-01
1.210000000000000658e-02,0.000000000000000000e+00,2.076879209960521833e-01
1.215000000000000108e-02,3.679999999999999938e-01,2.004691134324805002e-01
1.220000000000000251e-02,0.000000000000000000e+00,1.935548408079482141e-01
1.225000000000000394e-02,3.679999999999999938e-01,1.855365132590733601e-01
1.230000000000000537e-02,3.679999999999999938e-01,1.751463846735610841e-01
1.234999999999999987e-02,0.000000000000000000e+00,1.618074789810021452e-01
1.240000000000000130e-02,3.679999999999999938e-01,1.457410414899477369e-01
1.245000000000000273e-02,0.000000000000000000e+00,1.276367803685389268e-01
1.250000000000000416e-02,3.679999999999999938e-01,1.085796291061170843e-01
1.255000000000000560e-02,-1.839999999999999969e-01,9.011074204607116833e-02
1.260000000000000009e-02,1.839999999999999969e-01,7.394863385786465404e-02
1.265000000000000152e-02,-1.839999999999999969e-01,6.147207472890221791e-02
1.270000000000000295e-02,-1.839999999999999969e-01,5.318148338220660826e-02
1.275000000000000439e-02,3.679999999999999938e-01,4.835908681393141090e-02
1.280000000000000582e-02,-1.839999999999999969e-01,4.550310285216924849e-02
1.285000000000000031e-02,2.760000000000000231e-01,4.313597636986614414e-02
1.290000000000000174e-02,1.839999999999999969e-01,4.024555798960613440e-02
1.295000000000000318e-02,-1.839999999999999969e-01,3.654544773663064017e-02
1.300000000000000461e-02,-9.199999999999999845e-02,3.210051301466634865e-02
1.305000000000000604e-02,2.760000000000000231e-01,2.649592131975882919e-02
1.310000000000000053e-02,1.839999999999999969e-01,1.911538621453549164e-02
1.315000000000000197e-02,-9.199999999999999845e-02,1.018425182753011742e-02
1.320000000000000340e-02,-2.760000000000000231e-01,6.690496964323189430e-04
1.325000000000000483e-02,1.839999999999999969e-01,-8.852517843794621699e-03
1.330000000000000626e-02,1.839999999999999969e-01,-1.838803027908052917e-02
1.335000000000000075e-02,-2.760000000000000231e-01,-2.762448766527401608e-02
1.340000000000000219e-02,9.199999999999999845e-02,-3.571821995014011486e-02
1.345000000000000362e-02,-2.760000000000000231e-01,-4.195834786343458772e-02
1.350000000000000505e-02,-2.760000000000000231e-01,-4.638321598122997769e-02
1.355000000000000648e-02,1.839999999999999969e-01,-5.018027517149119265e-02
1.360000000000000098e-02,1.839999999999999969e-01,-5.517271871113769988e-02
1.365000000000000241e-02,-1.839999999999999969e-01,-6.249922274257088683e-02
1.370000000000000384e-02,1.839999999999999969e-01,-7.209511667496963649e-02
1.375000000000000527e-02,-3.679999999999999938e-01,-8.313971064998651461e-02
1.379999999999999977e-02,9.199999999999999845e-02,-9.460030772554972600e-02
1.385000000000000120e-02,-3.679999999999999938e-01,-1.056469891232869052e-01
1.390000000000000263e-02,1.839999999999999969e-01,-1.157729024887088620e-01
1.395000000000000406e-02,-3.679999999999999938e-01,-1.245699406924744013e-01
1.400000000000000550e-02,-3.679999999999999938e-01,-1.318024797021249417e-01
1.404999999999999999e-02,9.199999999999999845e-02,-1.380143437002968043e-01
1.410000000000000142e-02,0.000000000000000000e+00,-1.443954349541530791e-01
1.415000000000000285e-02,-2.760000000000000231e-01,-1.517296528216342533e-01
1.420000000000000429e-02,0.000000000000000000e+00,-1.600374506124480067e-01
1.425000000000000572e-02,-3.679999999999999938e-01,-1.690226571642244879e-01
1.430000000000000021e-02,0.000000000000000000e+00,-1.783953786239604877e-01
1.435000000000000164e-02,-3.679999999999999938e-01,-1.879566196943674716e-01
1.440000000000000308e-02,0.000000000000000000e+00,-1.975628319342027372e-01
1.445000000000000451e-02,-3.679999999999999938e-01,-2.070304279910251954e-01
1.450000000000000594e-02,0.000000000000000000e+00,-2.160400447625709097e-01
1.455000000000000043e-02,-4.599999999999999645e-01,-2.241007426292555005e-01
1.460000000000000187e-02,-4.599999999999999645e-01,-2.309246834052786079e-01
1.465000000000000330e-02,0.000000000000000000e+00,-2.370996255912245776e-01
1.470000000000000473e-02,0.000000000000000000e+00,-2.437858701352458857e-01
1.475000000000000616e-02,-4.599999999999999645e-01,-2.514911253835840910e-01
1.480000000000000066e-02,-9.199999999999999845e-02,-2.597692411251025235e-01
1.485000000000000209e-02,-4.599999999999999645e-01,-2.678970769013392372e-01
1.490000000000000352e-02,-4.599999999999999645e-01,-2.754891414388396798e-01
1.495000000000000495e-02,-9.199999999999999845e-02,-2.829384709778332563e-01
1.500000000000000638e-02,-9.199999999999999845e-02,-2.911068256253097064e-01
1.505000000000000088e-02,-5.520000000000000462e-01,-3.003775238897636868e-01
1.510000000000000231e-02,-9.199999999999999845e-02,-3.105134636296249528e-01
1.515000000000000374e-02,-5.520000000000000462e-01,-3.212014703357542467e-01
1.520000000000000517e-02,-9.199999999999999845e-02,-3.322411728299399236e-01
1.525000000000000661e-02,-5.520000000000000462e-01,-3.434384655385104845e-01
1.530000000000000110e-02,-1.839999999999999969e-01,-3.545532585451894314e-01
1.535000000000000253e-02,-5.520000000000000462e-01,-3.653615896142353159e-01
1.540000000000000396e-02,-1.839999999999999969e-01,-3.757184852088062410e-01
1.545000000000000540e-02,-5.520000000000000462e-01,-3.855077914797878647e-01
1.549999999999999989e-02,-5.520000000000000462e-01,-3.947699772354859027e-01
1.555000000000000132e-02,-1.839999999999999969e-01,-4.040662928380382435e-01
1.560000000000000275e-02,-1.839999999999999969e-01,-4.141513150028467982e-01
1.565000000000000419e-02,-6.440000000000000169e-01,-4.250077356791361338e-01
1.570000000000000562e-02,-6.440000000000000169e-01,-4.359764033813924855e-01
1.575000000000000011e-02,-2.760000000000000231e-01,-4.469232787061017675e-01
1.580000000000000154e-02,-2.760000000000000231e-01,-4.583611714579076124e-01
1.585000000000000298e-02,-6.440000000000000169e-01,-4.704691374839907736e-01
1.590000000000000441e-02,-6.440000000000000169e-01,-4.829764864244561751e-01
1.595000000000000584e-02,-2.760000000000000231e-01,-4.959680404081070471e-01
1.600000000000000033e-02,-2.760000000000000231e-01,-5.097578547280359196e-01
1.605000000000000177e-02,-8.279999999999999583e-01,-5.239468986565904984e-01
1.610000000000000320e-02,-7.359999999999999876e-01,-5.376913130881870728e-01
1.615000000000000463e-02,-3.679999999999999938e-01,-5.509524778601175843e-01
1.620000000000000606e-02,-7.359999999999999876e-01,-5.647060547769828798e-01
1.625000000000000056e-02,-3.679999999999999938e-01,-5.802250595550885182e-01
1.630000000000000199e-02,-3.679999999999999938e-01,-5.984143411098151732e-01
1.635000000000000342e-02,-9.199999999999999289e-01,-6.193027233986976299e-01
1.640000000000000485e-02,-3.679999999999999938e-01,-6.422069835827726170e-01
1.645000000000000628e-02,-9.199999999999999289e-01,-6.663351188036200634e-01
1.650000000000000078e-02,-4.599999999999999645e-01,-6.909648687286079616e-01
1.655000000000000221e-02,-9.199999999999999289e-01,-7.153781395562011092e-01
1.660000000000000364e-02,-5.520000000000000462e-01,-7.388482178336461814e-01
1.665000000000000507e-02,-1.012000000000000011e+00,-7.606870640842398057e-01
1.670000000000000651e-02,-9.199999999999999289e-01,-7.805911933742302189e-01
1.675000000000000100e-02,-5.520000000000000462e-01,-7.990598932271566479e-01
1.680000000000000243e-02,-1.012000000000000011e+00,-8.171345723477003720e-01
1.685000000000000386e-02,-6.440000000000000169e-01,-8.358026765580407469e-01
1.690000000000000530e-02,-6.440000000000000169e-01,-8.556372736498184528e-01
1.695000000000000673e-02,-1.104000000000000092e+00,-8.764327518167144282e-01
1.700000000000000122e-02,-1.104000000000000092e+00,-8.975269961563060450e-01
1.705000000000000265e-02,-7.359999999999999876e-01,-9.188683494175382549e-01
1.710000000000000409e-02,-7.359999999999999876e-01,-9.410350481619397245e-01
1.715000000000000552e-02,-1.195999999999999952e+00,-9.642075563426754092e-01
1.720000000000000001e-02,-1.104000000000000092e+00,-9.881181841156989609e-01
1.725000000000000144e-02,-8.279999999999999583e-01,-1.012918571310025273e+00
1.730000000000000288e-02,-8.279999999999999583e-01,-1.039054045170218599e+00
1.735000000000000431e-02,-1.288000000000000034e+00,-1.066317533153813946e+00
1.740000000000000574e-02,-1.288000000000000034e+00,-1.093992629198319522e+00
1.745000000000000023e-02,-9.199999999999999289e-01,-1.121913602792399711e+00
1.750000000000000167e-02,-9.199999999999999289e-01,-1.150419190617999687e+00
1.755000000000000310e-02,-1.471999999999999975e+00,-1.179317787207652346e+00
1.760000000000000453e-02,-1.379999999999999893e+00,-1.208006584620367807e+00
1.765000000000000596e-02,-1.012000000000000011e+00,-1.236572415214656218e+00
1.770000000000000046e-02,-1.012000000000000011e+00,-1.265618356118286325e+00
1.775000000000000189e-02,-1.564000000000000057e+00,-1.295047526710106478e+00
1.780000000000000332e-02,-1.564000000000000057e+00,-1.324176314532133025e+00
1.785000000000000475e-02,-1.104000000000000092e+00,-1.353003860314585527e+00
1.790000000000000618e-02,-1.195999999999999952e+00,-1.382208250826089557e+00
1.795000000000000068e-02,-1.655999999999999917e+00,-1.411985163684417399e+00
1.800000000000000211e-02,-1.564000000000000057e+00,-1.442042310664928051e+00
1.805000000000000354e-02,-1.288000000000000034e+00,-1.472574163996055230e+00
1.810000000000000497e-02,-1.288000000000000034e+00,-1.504132108714533178e+00
1.815000000000000641e-02,-1.747999999999999998e+00,-1.536620150196380319e+00
1.820000000000000090e-02,-1.379999999999999893e+00,-1.569151426430928309e+00
1.825000000000000233e-02,-1.839999999999999858e+00,-1.600651496536360741e+00
1.830000000000000376e-02,-1.839999999999999858e+00,-1.630462137971134373e+00
1.835000000000000520e-02,-1.471999999999999975e+00,-1.658895567818271966e+00
1.840000000000000663e-02,-1.471999999999999975e+00,-1.686932908657197583e+00
1.845000000000000112e-02,-1.931999999999999940e+00,-1.715123132633616709e+00
1.850000000000000255e-02,-1.931999999999999940e+00,-1.743529612316780275e+00
1.855000000000000399e-02,-1.564000000000000057e+00,-1.772719023337596456e+00
1.860000000000000542e-02,-1.564000000000000057e+00,-1.803704091794998687e+00
1.865000000000000685e-02,-2.024000000000000021e+00,-1.836834772422143658e+00
1.870000000000000134e-02,-1.655999999999999917e+00,-1.871484707169389416e+00
1.875000000000000278e-02,-2.116000000000000103e+00,-1.906588878497788686e+00
1.880000000000000421e-02,-1.747999999999999998e+00,-1.940994607954317885e+00
1.885000000000000564e-02,-2.208000000000000185e+00,-1.973576992452023449e+00
1.890000000000000013e-02,-2.208000000000000185e+00,-2.003592661402578301e+00
1.895000000000000157e-02,-1.747999999999999998e+00,-2.031165677664061864e+00
1.900000000000000300e-02,-2.299999999999999822e+00,-2.057100603332488564e+00
1.905000000000000443e-02,-1.931999999999999940e+00,-2.082311713350801785e+00
1.910000000000000586e-02,-1.931999999999999940e+00,-2.107557430916262575e+00
1.915000000000000036e-02,-2.299999999999999822e+00,-2.133124972076120063e+00
1.920000000000000179e-02,-2.024000000000000021e+00,-2.158748445473253064e+00
1.925000000000000322e-02,-2.391999999999999904e+00,-2.184047220079746054e+00
1.930000000000000465e-02,-2.024000000000000021e+00,-2.208848591061165489e+00
1.935000000000000608e-02,-2.299999999999999822e+00,-2.233107659575511050e+00
1.940000000000000058e-02,-2.116000000000000103e+00,-2.256600141911549340e+00
1.945000000000000201e-02,-2.483999999999999986e+00,-2.278795112445355819e+00
1.950000000000000344e-02,-2.483999999999999986e+00,-2.299315584643335519e+00
1.955000000000000487e-02,-2.116000000000000103e+00,-2.318584948017611058e+00
1.960000000000000631e-02,-2.116000000000000103e+00,-2.337502638715291958e+00
1.965000000000000080e-02,-2.576000000000000068e+00,-2.356377847891514943e+00
1.970000000000000223e-02,-2.576000000000000068e+00,-2.374969043503921462e+00
1.975000000000000366e-02,-2.208000000000000185e+00,-2.393568137350211789e+00
1.980000000000000510e-02,-2.208000000000000185e+00,-2.413043379085799689e+00
1.985000000000000653e-02,-2.576000000000000068e+00,-2.433779965946975654e+00
1.990000000000000102e-02,-2.299999999999999822e+00,-2.455308564735652510e+00
1.995000000000000245e-02,-2.759999999999999787e+00,-2.476851171728810197e+00
2.000000000000000389e-02,-2.299999999999999822e+00,-2.497860556100419238e+00
2.005000000000000532e-02,-2.759999999999999787e+00,-2.518211252332367422e+00
2.010000000000000675e-02,-2.299999999999999822e+00,-2.538104505266546518e+00
2.015000000000000124e-02,-2.759999999999999787e+00,-2.557862483005996168e+00
2.020000000000000268e-02,-2.299999999999999822e+00,-2.577726484360698400e+00
2.025000000000000411e-02,-2.759999999999999787e+00,-2.597656914336750056e+00
2.030000000000000554e-02,-2.483999999999999986e+00,-2.617249322337452888e+00
2.035000000000000697e-02,-2.851999999999999869e+00,-2.635940898418856815e+00
2.040000000000000147e-02,-2.391999999999999904e+00,-2.653279025716688722e+00
2.045000000000000290e-02,-2.851999999999999869e+00,-2.668851193903444941e+00
2.050000000000000433e-02,-2.851999999999999869e+00,-2.682286187825232204e+00
2.055000000000000576e-02,-2.391999999999999904e+00,-2.693619986973760039e+00
2.060000000000000026e-02,-2.943999999999999950e+00,-2.703218255830926342e+00
2.065000000000000169e-02,-2.576000000000000068e+00,-2.711371169347065013e+00
2.070000000000000312e-02,-2.943999999999999950e+00,-2.718426805133755675e+00
2.075000000000000455e-02,-2.576000000000000068e+00,-2.725112362426759471e+00
2.080000000000000598e-02,-2.851999999999999869e+00,-2.732517365755326999e+00
2.085000000000000048e-02,-2.483999999999999986e+00,-2.741789478700473737e+00
2.090000000000000191e-02,-2.576000000000000068e+00,-2.753533495035552559e+00
2.095000000000000334e-02,-3.036000000000000032e+00,-2.767309990059974467e+00
2.100000000000000477e-02,-2.576000000000000068e+00,-2.781982225049943303e+00
2.105000000000000621e-02,-3.036000000000000032e+00,-2.796451115779075902e+00
2.110000000000000070e-02,-2.576000000000000068e+00,-2.809860274891786691e+00
2.115000000000000213e-02,-3.036000000000000032e+00,-2.821454730337969341e+00
2.120000000000000356e-02,-3.036000000000000032e+00,-2.830739087736464654e+00
2.125000000000000500e-02,-2.668000000000000149e+00,-2.837999795844645678e+00
2.130000000000000643e-02,-2.668000000000000149e+00,-2.844152425329309786e+00
2.135000000000000092e-02,-3.036000000000000032e+00,-2.849796130536225824e+00
2.140000000000000235e-02,-2.668000000000000149e+00,-2.854917292846052668e+00
2.145000000000000379e-02,-3.036000000000000032e+00,-2.859295665932512609e+00
2.150000000000000522e-02,-2.668000000000000149e+00,-2.862685385903018798e+00
2.155000000000000665e-02,-3.036000000000000032e+00,-2.864772151815915269e+00
2.160000000000000114e-02,-3.036000000000000032e+00,-2.865372131298421721e+00
2.165000000000000258e-02,-2.668000000000000149e+00,-2.864874753129516893e+00
2.170000000000000401e-02,-2.668000000000000149e+00,-2.864003278130093477e+00
2.175000000000000544e-02,-3.036000000000000032e+00,-2.862890434417665553e+00
2.180000000000000687e-02,-3.036000000000000032e+00,-2.861086518666120071e+00
2.185000000000000137e-02,-2.668000000000000149e+00,-2.858498587063105667e+00
2.190000000000000280e-02,-3.036000000000000032e+00,-2.855640507116879334e+00
2.195000000000000423e-02,-2.668000000000000149e+00,-2.853193547493313442e+00
2.200000000000000566e-02,-2.668000000000000149e+00,-2.851568843944375153e+00
2.205000000000000016e-02,-3.036000000000000032e+00,-2.850467087502554620e+00
2.210000000000000159e-02,-3.036000000000000032e+00,-2.849127811255578901e+00
2.215000000000000302e-02,-2.668000000000000149e+00,-2.847270033237128128e+00
2.220000000000000445e-02,-3.036000000000000032e+00,-2.845338578943466867e+00
2.225000000000000588e-02,-2.668000000000000149e+00,-2.844057671513721353e+00
2.230000000000000038e-02,-2.668000000000000149e+00,-2.843983857572152107e+00
2.235000000000000181e-02,-3.036000000000000032e+00,-2.845053230684086998e+00
2.240000000000000324e-02,-2.668000000000000149e+00,-2.846582495615749941e+00
2.245000000000000467e-02,-3.036000000000000032e+00,-2.847724511088602029e+00
2.250000000000000611e-02,-3.036000000000000032e+00,-2.847920029302039691e+00
2.255000000000000060e-02,-2.668000000000000149e+00,-2.847351883638615355e+00
2.260000000000000203e-02,-2.668000000000000149e+00,-2.846710668772167274e+00
2.265000000000000346e-02,-3.036000000000000032e+00,-2.846271252353696823e+00
2.270000000000000490e-02,-2.668000000000000149e+00,-2.845666411532639106e+00
2.275000000000000633e-02,-3.036000000000000032e+00,-2.844355967382999673e+00
2.280000000000000082e-02,-2.668000000000000149e+00,-2.841867021375240387e+00
2.285000000000000225e-02,-3.036000000000000032e+00,-2.837809520666391805e+00
2.290000000000000369e-02,-3.036000000000000032e+00,-2.832134697678598378e+00
2.295000000000000512e-02,-2.576000000000000068e+00,-2.825581150376510475e+00
2.300000000000000655e-02,-2.576000000000000068e+00,-2.819265362649046480e+00
2.305000000000000104e-02,-3.036000000000000032e+00,-2.813527009294776171e+00
2.310000000000000248e-02,-2.576000000000000068e+00,-2.807701507519290818e+00
2.315000000000000391e-02,-3.036000000000000032e+00,-2.800759683197216354e+00
2.320000000000000534e-02,-3.036000000000000032e+00,-2.791950148358762984e+00
2.325000000000000677e-02,-2.576000000000000068e+00,-2.781451513855029756e+00
2.330000000000000127e-02,-2.943999999999999950e+00,-2.770402276667677910e+00
2.335000000000000270e-02,-2.483999999999999986e+00,-2.760190717926584547e+00
2.340000000000000413e-02,-2.851999999999999869e+00,-2.751864800885920115e+00
2.345000000000000556e-02,-2.576000000000000068e+00,-2.745882501129844666e+00
2.350000000000000699e-02,-2.576000000000000068e+00,-2.741961847552941478e+00
2.355000000000000149e-02,-2.943999999999999950e+00,-2.738968962130416074e+00
2.360000000000000292e-02,-2.943999999999999950e+00,-2.735426080715365416e+00
2.365000000000000435e-02,-2.576000000000000068e+00,-2.730532692011502949e+00
2.370000000000000578e-02,-2.943999999999999950e+00,-2.724436647231385678e+00
2.375000000000000028e-02,-2.391999999999999904e+00,-2.717704073257544817e+00
2.380000000000000171e-02,-2.576000000000000068e+00,-2.710567850202616036e+00
2.385000000000000314e-02,-2.943999999999999950e+00,-2.702299886858435141e+00
2.390000000000000457e-02,-2.943999999999999950e+00,-2.691749455913558631e+00
2.395000000000000601e-02,-2.391999999999999904e+00,-2.678589341422223047e+00
2.400000000000000050e-02,-2.943999999999999950e+00,-2.663423646570844738e+00
2.405000000000000193e-02,-2.391999999999999904e+00,-2.647107160891765787e+00
2.410000000000000336e-02,-2.759999999999999787e+00,-2.630430795973287772e+00
2.415000000000000480e-02,-2.391999999999999904e+00,-2.613934638474756600e+00
2.420000000000000623e-02,-2.851999999999999869e+00,-2.597783744454908561e+00
2.425000000000000072e-02,-2.391999999999999904e+00,-2.581991156238705898e+00
2.430000000000000215e-02,-2.759999999999999787e+00,-2.566696068113477835e+00
2.435000000000000359e-02,-2.299999999999999822e+00,-2.552148461122283329e+00
2.440000000000000502e-02,-2.759999999999999787e+00,-2.538514599980618236e+00
2.445000000000000645e-02,-2.391999999999999904e+00,-2.525849004312418877e+00
2.450000000000000094e-02,-2.299999999999999822e+00,-2.514057787716109882e+00
2.455000000000000238e-02,-2.759999999999999787e+00,-2.502563709677844805e+00
2.460000000000000381e-02,-2.299999999999999822e+00,-2.490312010058067571e+00
2.465000000000000524e-02,-2.759999999999999787e+00,-2.476296379660926306e+00
2.470000000000000667e-02,-2.576000000000000068e+00,-2.460092310448017017e+00
2.475000000000000117e-02,-2.208000000000000185e+00,-2.442173835139491711e+00
2.480000000000000260e-02,-2.576000000000000068e+00,-2.423553468823350432e+00
2.485000000000000403e-02,-2.208000000000000185e+00,-2.405089543228672522e+00
2.490000000000000546e-02,-2.208000000000000185e+00,-2.387090670185604502e+00
2.495000000000000689e-02,-2.576000000000000068e+00,-2.369037112988785054e+00
2.500000000000000139e-02,-2.576000000000000068e+00,-2.349995943817678512e+00
2.505000000000000282e-02,-2.116000000000000103e+00,-2.329675270070675097e+00
2.510000000000000425e-02,-2.483999999999999986e+00,-2.308617300684943974e+00
2.515000000000000568e-02,-2.116000000000000103e+00,-2.287590076372799874e+00
2.520000000000000712e-02,-2.024000000000000021e+00,-2.267043340715605648e+00
2.525000000000000161e-02,-2.483999999999999986e+00,-2.246623561458251928e+00
2.530000000000000304e-02,-2.391999999999999904e+00,-2.225440314561032196e+00
2.535000000000000447e-02,-2.024000000000000021e+00,-2.203086248136186143e+00
2.540000000000000591e-02,-2.024000000000000021e+00,-2.179678709365171940e+00
2.545000000000000040e-02,-2.391999999999999904e+00,-2.154984782025844314e+00
2.550000000000000183e-02,-2.208000000000000185e+00,-2.128484417268444950e+00
2.555000000000000326e-02,-1.931999999999999940e+00,-2.100142251021238415e+00
2.560000000000000470e-02,-2.299999999999999822e+00,-2.070443003597528087e+00
2.565000000000000613e-02,-1.839999999999999858e+00,-2.040037788251514161e+00
2.570000000000000062e-02,-1.747999999999999998e+00,-2.009403237931471686e+00
2.575000000000000205e-02,-2.299999999999999822e+00,-1.978277180852950456e+00
2.580000000000000349e-02,-2.116000000000000103e+00,-1.945968213251911161e+00
2.585000000000000492e-02,-1.655999999999999917e+00,-1.912482391693500094e+00
2.590000000000000635e-02,-1.931999999999999940e+00,-1.878501155797229094e+00
2.595000000000000084e-02,-1.655999999999999917e+00,-1.844384106011849100e+00
2.600000000000000228e-02,-2.116000000000000103e+00,-1.809872683621443157e+00
2.605000000000000371e-02,-1.564000000000000057e+00,-1.774608341742423434e+00
2.610000000000000514e-02,-1.931999999999999940e+00,-1.738539471332182451e+00
2.615000000000000657e-02,-1.471999999999999975e+00,-1.701813635536480129e+00
2.620000000000000107e-02,-1.931999999999999940e+00,-1.664561181037224724e+00
2.625000000000000250e-02,-1.379999999999999893e+00,-1.626916979264652507e+00
2.630000000000000393e-02,-1.839999999999999858e+00,-1.589105302002362219e+00
2.635000000000000536e-02,-1.379999999999999893e+00,-1.551470330913459428e+00
2.640000000000000679e-02,-1.288000000000000034e+00,-1.514276316300003922e+00
2.645000000000000129e-02,-1.747999999999999998e+00,-1.477217069102899627e+00
2.650000000000000272e-02,-1.655999999999999917e+00,-1.439676042009362833e+00
2.655000000000000415e-02,-1.195999999999999952e+00,-1.401796630292719614e+00
2.660000000000000558e-02,-1.104000000000000092e+00,-1.364396333731636268e+00
2.665000000000000702e-02,-1.564000000000000057e+00,-1.327723768587787845e+00
2.670000000000000151e-02,-1.471999999999999975e+00,-1.291370884071610936e+00
2.675000000000000294e-02,-1.012000000000000011e+00,-1.255338323298913039e+00
2.680000000000000437e-02,-1.012000000000000011e+00,-1.219996206149160045e+00
2.685000000000000581e-02,-1.379999999999999893e+00,-1.184998383028766922e+00
2.690000000000000724e-02,-1.471999999999999975e+00,-1.149408366361679867e+00
2.695000000000000173e-02,-9.199999999999999289e-01,-1.113039789285251491e+00
2.700000000000000316e-02,-1.195999999999999952e+00,-1.076873318524631973e+00
2.705000000000000460e-02,-8.279999999999999583e-01,-1.042260508336906089e+00
2.710000000000000603e-02,-8.279999999999999583e-01,-1.010065896646510808e+00
2.715000000000000052e-02,-1.195999999999999952e+00,-9.802009252191054012e-01
2.720000000000000195e-02,-7.359999999999999876e-01,-9.518326203948404007e-01
2.725000000000000339e-02,-1.195999999999999952e+00,-9.239775847395724773e-01
2.730000000000000482e-02,-1.012000000000000011e+00,-8.960238274391140179e-01
2.735000000000000625e-02,-6.440000000000000169e-01,-8.681298450948804479e-01
2.740000000000000074e-02,-6.440000000000000169e-01,-8.407529469402631461e-01
2.745000000000000218e-02,-1.012000000000000011e+00,-8.135968935402522195e-01
2.750000000000000361e-02,-1.012000000000000011e+00,-7.857731451682784529e-01
2.755000000000000504e-02,-6.440000000000000169e-01,-7.570043149411717076e-01
2.760000000000000647e-02,-8.279999999999999583e-01,-7.280212513521995277e-01
2.765000000000000097e-02,-4.599999999999999645e-01,-6.999231108999937057e-01
2.770000000000000240e-02,-4.599999999999999645e-01,-6.733063007150587032e-01
2.775000000000000383e-02,-9.199999999999999289e-01,-6.476763370750946436e-01
2.780000000000000526e-02,-8.279999999999999583e-01,-6.220074501239183373e-01
2.785000000000000669e-02,-3.679999999999999938e-01,-5.959892296408054735e-01
2.790000000000000119e-02,-8.279999999999999583e-01,-5.702286163759969773e-01
2.795000000000000262e-02,-3.679999999999999938e-01,-5.456986369793922487e-01
2.800000000000000405e-02,-2.760000000000000231e-01,-5.232984213142949370e-01
2.805000000000000548e-02,-7.359999999999999876e-01,-5.032854922269336395e-01
2.810000000000000692e-02,-2.760000000000000231e-01,-4.851527183729515968e-01
2.815000000000000141e-02,-6.440000000000000169e-01,-4.681215324017184987e-01
2.820000000000000284e-02,-6.440000000000000169e-01,-4.516175961073715661e-01
2.825000000000000427e-02,-2.760000000000000231e-01,-4.357343535766972087e-01
2.830000000000000571e-02,-1.839999999999999969e-01,-4.210514794467896116e-01
2.835000000000000714e-02,-6.440000000000000169e-01,-4.076924790893001194e-01
2.840000000000000163e-02,-1.839999999999999969e-01,-3.950668034024210629e-01
2.845000000000000306e-02,-5.520000000000000462e-01,-3.823543910890245812e-01
2.850000000000000450e-02,-5.520000000000000462e-01,-3.689261285510321842e-01
2.855000000000000593e-02,-9.199999999999999845e-02,-3.547063636998997183e-01
2.860000000000000736e-02,-5.520000000000000462e-01,-3.400769729752423642e-01
2.865000000000000185e-02,-9.199999999999999845e-02,-3.253820836250037041e-01
2.870000000000000329e-02,-5.520000000000000462e-01,-3.107842566860838929e-01
2.875000000000000472e-02,-9.199999999999999845e-02,-2.964115333541305630e-01
2.880000000000000615e-02,-4.599999999999999645e-01,-2.824458201901139942e-01
2.885000000000000064e-02,-9.199999999999999845e-02,-2.690930219298429682e-01
2.890000000000000208e-02,-4.599999999999999645e-01,-2.565489581008472131e-01
2.895000000000000351e-02,-9.199999999999999845e-02,-2.450748793867333075e-01
2.900000000000000494e-02,0.000000000000000000e+00,-2.348330844078874713e-01
2.905000000000000637e-02,-4.599999999999999645e-01,-2.253651188393720195e-01
2.910000000000000087e-02,-4.599999999999999645e-01,-2.158128542069752964e-01
2.915000000000000230e-02,0.000000000000000000e+00,-2.060016635171249832e-01
2.920000000000000373e-02,0.000000000000000000e+00,-1.964795593199426260e-01
2.925000000000000516e-02,-3.679999999999999938e-01,-1.873981381087921616e-01
2.930000000000000659e-02,-2.760000000000000231e-01,-1.783183409529749963e-01
2.935000000000000109e-02,0.000000000000000000e+00,-1.689983403695271835e-01
2.940000000000000252e-02,-3.679999999999999938e-01,-1.596018368791608799e-01
2.945000000000000395e-02,1.839999999999999969e-01,-1.503281506144354129e-01
2.950000000000000538e-02,9.199999999999999845e-02,-1.408114708452787578e-01
2.955000000000000682e-02,-3.679999999999999938e-01,-1.294059966024532771e-01
2.960000000000000131e-02,-3.679999999999999938e-01,-1.136371255368686384e-01
2.965000000000000274e-02,9.199999999999999845e-02,-9.165940704254292581e-02
2.970000000000000417e-02,-2.760000000000000231e-01,-6.271378877663837115e-02
2.975000000000000561e-02,9.199999999999999845e-02,-2.660042556218209647e-02
2.980000000000000704e-02,9.199999999999999845e-02,1.672335396604530608e-02
2.985000000000000153e-02,-2.760000000000000231e-01,6.730017304940846823e-02
2.990000000000000296e-02,-2.760000000000000231e-01,1.245050232592047890e-01
2.995000000000000440e-02,1.839999999999999969e-01,1.856716178733676115e-01
